,Compound,Date,Media Sources,Negative,Neutral,Positive,Text,Tweets Ago
0,0.0,Wed Jan 10 19:30:07 +0000 2018,BBC,0.0,1.0,0.0,You can count on @BBCComedy's Tracey Ullman for a satirical take on current affairs‚Ä¶ https://t.co/Tobb25eWjx,1
1,-0.4588,Wed Jan 10 19:20:39 +0000 2018,BBC,0.231,0.769,0.0,"RT @BBCNews: How polluted is your street? üò∑

Find out: https://t.co/MW9r2UMufj https://t.co/68AJfgg8rA",2
2,-0.4588,Wed Jan 10 19:20:03 +0000 2018,BBC,0.2,0.8,0.0,RT @bbcthree: This is what happens when you breathe in polluted air. https://t.co/XZlWu2bQjD,3
3,0.8481,Wed Jan 10 19:00:03 +0000 2018,BBC,0.0,0.647,0.353,"üòÇ @OfficialTLC's Scrubs is great song for the ladies... 

Not so great for the unemployed male.  

#LiveAtTheApollo https://t.co/7UAURqwqIx",4
4,0.0,Wed Jan 10 18:32:03 +0000 2018,BBC,0.0,1.0,0.0,How much of your home's electricity bill goes on making cups of tea or  washing your clothes? Take this quiz to fin‚Ä¶ https://t.co/pj3i1cRZaL,5
5,0.3182,Wed Jan 10 18:03:03 +0000 2018,BBC,0.0,0.887,0.113,"Tonight, @CherryHealey teams up with independent scientists to put everyday cosmetics to the test. üíÑüî¨ 

The Truth A‚Ä¶ https://t.co/eVsmvaYTgZ",6
6,0.4939,Wed Jan 10 17:30:07 +0000 2018,BBC,0.0,0.862,0.138,"To save Teresa‚Äôs life, doctors are going to have to remove part of her face.

(Warning: This video contains graphic‚Ä¶ https://t.co/oXdQv5ABqa",7
7,0.0,Wed Jan 10 17:02:03 +0000 2018,BBC,0.0,1.0,0.0,Why does adolescence last twice as long now as it did in the 1950s? ü§î https://t.co/q3gMvr3mqU https://t.co/X5F9a925ET,8
8,-0.3612,Wed Jan 10 16:22:04 +0000 2018,BBC,0.217,0.783,0.0,Snow has fallen in the Sahara desert. ‚ùÑÔ∏è https://t.co/804PRapagA https://t.co/RXHi6AdCHb,9
9,-0.6597,Wed Jan 10 15:30:06 +0000 2018,BBC,0.239,0.761,0.0,Researchers have published a study revealing that dogs can be trained to smell cancer. üê∂ https://t.co/9mP5kjg6CZ https://t.co/yb7luqCMSp,10
10,0.3612,Wed Jan 10 15:06:03 +0000 2018,BBC,0.0,0.857,0.143,These @BBCWthrWatchers photos capture what the weather has looked like across the UK lately. üåß‚ùÑÔ∏èüå•üåà‚Ä¶ https://t.co/RXyER0dCkD,11
11,0.0,Wed Jan 10 14:33:02 +0000 2018,BBC,0.0,1.0,0.0,The 5p charge for plastic bags in large shops in England could be extended to cover nearly all retailers. üõç‚Ä¶ https://t.co/nAgVcPMW7h,12
12,0.4201,Wed Jan 10 14:03:04 +0000 2018,BBC,0.0,0.872,0.128,Nothing depicts the mindset of a time period quite like a living room.üö™Here's how the room has evolved over time. üëâ‚Ä¶ https://t.co/YS1jycfIZG,13
13,0.0,Wed Jan 10 13:37:04 +0000 2018,BBC,0.0,1.0,0.0,"The International Space Station is humanity‚Äôs most expensive structure, but it could vanish in six years. üöÄüåí‚Ä¶ https://t.co/cE7BhlzxQP",14
14,0.3182,Wed Jan 10 13:02:01 +0000 2018,BBC,0.0,0.796,0.204,Think you're a bigger football fan than this guy? ‚ù§Ô∏èÔ∏èÔ∏è‚öΩÔ∏è https://t.co/nwkebUvYmb,15
15,0.0,Wed Jan 10 12:53:52 +0000 2018,BBC,0.0,1.0,0.0,"RT @bbcthesocial: | @ShadyLawrence will blow your mind with this transformation! 

#TransformationTuesday https://t.co/eEFtUlYBTD",16
16,0.0,Wed Jan 10 12:29:40 +0000 2018,BBC,0.0,1.0,0.0,"RT @BBCOne: üêæ Black-footed cats are Africa‚Äôs smallest cat, and the deadliest of the entire cat family. Anything that moves is a potential m‚Ä¶",17
17,0.0,Wed Jan 10 12:29:17 +0000 2018,BBC,0.0,1.0,0.0,"RT @TWBBC: Four of the biggest global health stories to follow in 2018:

1. The world's first malaria vaccine
2. Yemen on the brink of fami‚Ä¶",18
18,0.0,Wed Jan 10 12:25:16 +0000 2018,BBC,0.0,1.0,0.0,"üêã‚ù§Ô∏èÔ∏è Could this be the first case on record of a humpback protecting a human?

Via @BBCNews https://t.co/78l0AKNbxB",19
19,0.0,Wed Jan 10 11:57:36 +0000 2018,BBC,0.0,1.0,0.0,"RT @BBCRadio2: üìª ANNOUNCEMENT üìª
We have a brand new schedule coming to Radio 2 this spring, featuring @jowhiley @simonmayo @sarajcox @djgar‚Ä¶",20
20,0.0,Wed Jan 10 19:30:07 +0000 2018,BBC,0.0,1.0,0.0,You can count on @BBCComedy's Tracey Ullman for a satirical take on current affairs‚Ä¶ https://t.co/Tobb25eWjx,21
21,-0.4588,Wed Jan 10 19:20:39 +0000 2018,BBC,0.231,0.769,0.0,"RT @BBCNews: How polluted is your street? üò∑

Find out: https://t.co/MW9r2UMufj https://t.co/68AJfgg8rA",22
22,-0.4588,Wed Jan 10 19:20:03 +0000 2018,BBC,0.2,0.8,0.0,RT @bbcthree: This is what happens when you breathe in polluted air. https://t.co/XZlWu2bQjD,23
23,0.8481,Wed Jan 10 19:00:03 +0000 2018,BBC,0.0,0.647,0.353,"üòÇ @OfficialTLC's Scrubs is great song for the ladies... 

Not so great for the unemployed male.  

#LiveAtTheApollo https://t.co/7UAURqwqIx",24
24,0.0,Wed Jan 10 18:32:03 +0000 2018,BBC,0.0,1.0,0.0,How much of your home's electricity bill goes on making cups of tea or  washing your clothes? Take this quiz to fin‚Ä¶ https://t.co/pj3i1cRZaL,25
25,0.3182,Wed Jan 10 18:03:03 +0000 2018,BBC,0.0,0.887,0.113,"Tonight, @CherryHealey teams up with independent scientists to put everyday cosmetics to the test. üíÑüî¨ 

The Truth A‚Ä¶ https://t.co/eVsmvaYTgZ",26
26,0.4939,Wed Jan 10 17:30:07 +0000 2018,BBC,0.0,0.862,0.138,"To save Teresa‚Äôs life, doctors are going to have to remove part of her face.

(Warning: This video contains graphic‚Ä¶ https://t.co/oXdQv5ABqa",27
27,0.0,Wed Jan 10 17:02:03 +0000 2018,BBC,0.0,1.0,0.0,Why does adolescence last twice as long now as it did in the 1950s? ü§î https://t.co/q3gMvr3mqU https://t.co/X5F9a925ET,28
28,-0.3612,Wed Jan 10 16:22:04 +0000 2018,BBC,0.217,0.783,0.0,Snow has fallen in the Sahara desert. ‚ùÑÔ∏è https://t.co/804PRapagA https://t.co/RXHi6AdCHb,29
29,-0.6597,Wed Jan 10 15:30:06 +0000 2018,BBC,0.239,0.761,0.0,Researchers have published a study revealing that dogs can be trained to smell cancer. üê∂ https://t.co/9mP5kjg6CZ https://t.co/yb7luqCMSp,30
30,0.3612,Wed Jan 10 15:06:03 +0000 2018,BBC,0.0,0.857,0.143,These @BBCWthrWatchers photos capture what the weather has looked like across the UK lately. üåß‚ùÑÔ∏èüå•üåà‚Ä¶ https://t.co/RXyER0dCkD,31
31,0.0,Wed Jan 10 14:33:02 +0000 2018,BBC,0.0,1.0,0.0,The 5p charge for plastic bags in large shops in England could be extended to cover nearly all retailers. üõç‚Ä¶ https://t.co/nAgVcPMW7h,32
32,0.4201,Wed Jan 10 14:03:04 +0000 2018,BBC,0.0,0.872,0.128,Nothing depicts the mindset of a time period quite like a living room.üö™Here's how the room has evolved over time. üëâ‚Ä¶ https://t.co/YS1jycfIZG,33
33,0.0,Wed Jan 10 13:37:04 +0000 2018,BBC,0.0,1.0,0.0,"The International Space Station is humanity‚Äôs most expensive structure, but it could vanish in six years. üöÄüåí‚Ä¶ https://t.co/cE7BhlzxQP",34
34,0.3182,Wed Jan 10 13:02:01 +0000 2018,BBC,0.0,0.796,0.204,Think you're a bigger football fan than this guy? ‚ù§Ô∏èÔ∏èÔ∏è‚öΩÔ∏è https://t.co/nwkebUvYmb,35
35,0.0,Wed Jan 10 12:53:52 +0000 2018,BBC,0.0,1.0,0.0,"RT @bbcthesocial: | @ShadyLawrence will blow your mind with this transformation! 

#TransformationTuesday https://t.co/eEFtUlYBTD",36
36,0.0,Wed Jan 10 12:29:40 +0000 2018,BBC,0.0,1.0,0.0,"RT @BBCOne: üêæ Black-footed cats are Africa‚Äôs smallest cat, and the deadliest of the entire cat family. Anything that moves is a potential m‚Ä¶",37
37,0.0,Wed Jan 10 12:29:17 +0000 2018,BBC,0.0,1.0,0.0,"RT @TWBBC: Four of the biggest global health stories to follow in 2018:

1. The world's first malaria vaccine
2. Yemen on the brink of fami‚Ä¶",38
38,0.0,Wed Jan 10 12:25:16 +0000 2018,BBC,0.0,1.0,0.0,"üêã‚ù§Ô∏èÔ∏è Could this be the first case on record of a humpback protecting a human?

Via @BBCNews https://t.co/78l0AKNbxB",39
39,0.0,Wed Jan 10 11:57:36 +0000 2018,BBC,0.0,1.0,0.0,"RT @BBCRadio2: üìª ANNOUNCEMENT üìª
We have a brand new schedule coming to Radio 2 this spring, featuring @jowhiley @simonmayo @sarajcox @djgar‚Ä¶",40
40,0.0,Wed Jan 10 11:54:10 +0000 2018,BBC,0.0,1.0,0.0,"üöÄ‚ú® David Bowie changed music forever. 

Throughout his career, he reinvented not just his sound but his persona ove‚Ä¶ https://t.co/Io65zVu3xV",41
41,-0.0516,Wed Jan 10 11:43:03 +0000 2018,BBC,0.123,0.763,0.114,"Next time you're tempted to write 'clean me' on the back of a dirty van, why not think bigger? üöö üé®‚Ä¶ https://t.co/Wb8EextaUh",42
42,-0.9001,Wed Jan 10 11:19:38 +0000 2018,BBC,0.4,0.6,0.0,"The teen tipped to be the next Lewis Hamilton, who lost both his lower legs in a horrific racing accident last year‚Ä¶ https://t.co/Ps7Tnocel2",43
43,0.0,Wed Jan 10 10:17:36 +0000 2018,BBC,0.0,1.0,0.0,"RT @BBCNewsAsia: Japanese astronaut, who 'grew 9cm in space', says he made a 'measuring mistake': https://t.co/sV3I8aOFz6 https://t.co/aOel‚Ä¶",44
44,0.6833,Wed Jan 10 10:01:59 +0000 2018,BBC,0.0,0.772,0.228,"RT @BBCOne: OK, we're officially excited! David Oyelowo, @LilyCollins and @DominicWest will star in an epic six-part drama adaptation of #L‚Ä¶",45
45,0.0,Wed Jan 10 09:42:05 +0000 2018,BBC,0.0,1.0,0.0,RT @bbcworldservice: From royal palace to sanctuary for the LGBTQ community: meet India's first openly gay prince who is opening his doors‚Ä¶,46
46,0.4497,Wed Jan 10 09:32:19 +0000 2018,BBC,0.0,0.886,0.114,"RT @bbcmusic: ‚ÄúI don't know where I'm going from here, but I promise it won't be boring‚Äù - David Bowie speaking in 1997

2 years today sinc‚Ä¶",47
47,0.6369,Wed Jan 10 09:02:03 +0000 2018,BBC,0.0,0.802,0.198,A tale of survival and deep love: the Tattooist of Auschwitz who met his wife in a concentration camp.‚Ä¶ https://t.co/r53TwrPRGh,48
48,0.4926,Wed Jan 10 08:52:21 +0000 2018,BBC,0.0,0.868,0.132,"RT @bbcgetinspired: It's as easy as going down your local park. 

@AdeleRoberts's health hacks are SO simple anyone can do them! üëç #GetInsp‚Ä¶",49
49,0.0,Wed Jan 10 08:49:22 +0000 2018,BBC,0.0,1.0,0.0,RT @BBCiPlayer: Not watched Peaky Blinders yet? What have you been doing? #Peakyblinders #iplayerit https://t.co/DIxmRSiDU0,50
50,0.2263,Wed Jan 10 08:43:21 +0000 2018,BBC,0.0,0.917,0.083,"First there was raw food, then raw milk... now there's a new fad - raw water, and some start-ups are charging up to‚Ä¶ https://t.co/2zPQSsOLc9",51
51,0.7506,Wed Jan 10 08:20:03 +0000 2018,BBC,0.0,0.748,0.252,This new anthology dedicated to black female photographers is believed to be the first collection of its kind for 3‚Ä¶ https://t.co/E3xbuDDNrN,52
52,0.6369,Wed Jan 10 08:00:05 +0000 2018,BBC,0.0,0.724,0.276,"'I fell in love with a sperm donor I met on Craigslist.'

#EmmaBarnettShow https://t.co/9C48CTI4lF",53
53,0.0,Wed Jan 10 07:38:04 +0000 2018,BBC,0.0,1.0,0.0,Some practical advice on how to work out at home (without equipment). üí™ https://t.co/pxZ6RiJFtr https://t.co/zRcyYERwE8,54
54,0.3802,Tue Jan 09 20:12:54 +0000 2018,BBC,0.0,0.895,0.105,"RT @BBCBreakfast: Make sure you 'paws' for this one!

Tomorrow we're speaking to the series producer of BBC One's new documentary Big Cats‚Ä¶",55
55,0.3182,Tue Jan 09 20:10:56 +0000 2018,BBC,0.0,0.887,0.113,RT @1Xtra: So @iamwill and @bep are putting out a graphic novel with @Marvel and it looks lit üëÄüëÄ https://t.co/WMUvS2Jt0F,56
56,0.0,Tue Jan 09 20:10:12 +0000 2018,BBC,0.0,1.0,0.0,RT @BBCiPlayer: Class Series 1 - watch all episodes. Boxset available until Monday #iplayerit https://t.co/k88nOUX4Wz,57
57,0.8316,Tue Jan 09 20:10:00 +0000 2018,BBC,0.071,0.586,0.343,"RT @bbcthree: ""As long as I'm alive, I feel that he is alive too""

Brave children explain what it's like to have lost a parent. https://t.c‚Ä¶",58
58,0.0772,Tue Jan 09 19:55:09 +0000 2018,BBC,0.0,0.929,0.071,"A documentary series looking at the challenges facing the new Crown Prince of Saudi Arabia, Mohammed bin Salman.‚Ä¶ https://t.co/D1Isc8rgac",59
59,0.0,Tue Jan 09 19:30:07 +0000 2018,BBC,0.0,1.0,0.0,üöÄ A Japanese astronaut living on the International Space Station says he's grown 9cm since arriving there 3 weeks a‚Ä¶ https://t.co/gYVBN1eA1c,60
60,0.6486,Tue Jan 09 19:00:07 +0000 2018,BBC,0.0,0.739,0.261,"Giving up fizzy drinks in 2018? If you're dieting, that might be a good idea... üë®‚Äç‚öïÔ∏èüë©‚Äç‚öïÔ∏è 
#TrustMeImADoctor https://t.co/UPyyQw5uwi",61
61,0.4215,Tue Jan 09 18:30:12 +0000 2018,BBC,0.0,0.859,0.141,"üç≤ Soup is the ultimate budget-friendly supper. All you need are some nice vegetables, stock and a few flavourings.‚Ä¶ https://t.co/M4kyapzn4r",62
62,0.25,Tue Jan 09 18:05:51 +0000 2018,BBC,0.0,0.913,0.087,"RT @BBCBreakfast: Coconut oil is the latest 'superfood' to be endorsed by bloggers and celebrities, yet it contains more saturated fat than‚Ä¶",63
63,0.0,Tue Jan 09 18:04:16 +0000 2018,BBC,0.0,1.0,0.0,RT @BBC_Teach: Learn about some of the world's most famous scientists (including Carl Linnaeusüëá) with our new series of 'vlog-style' parody‚Ä¶,64
64,0.2263,Tue Jan 09 18:00:02 +0000 2018,BBC,0.088,0.783,0.129,"üëë The astonishing true story of the first reigning queen of England.

England's Forgotten Queen: The Life and Death‚Ä¶ https://t.co/YO0cKlCXgt",65
65,0.0,Tue Jan 09 17:51:32 +0000 2018,BBC,0.0,1.0,0.0,RT @BBCAfrica: Snow falls in the Sahara desert https://t.co/mZlD8IKIoL https://t.co/n2M0S4UG8t,66
66,0.6478,Tue Jan 09 17:30:05 +0000 2018,BBC,0.0,0.694,0.306,'Well this I think is one of the more enjoyable parts of the jo...' üòÇhttps://t.co/cQF64ofzMz,67
67,0.6369,Tue Jan 09 17:00:14 +0000 2018,BBC,0.0,0.756,0.244,A selection of the best photos from across and about Africa last week. üì∏ https://t.co/l3V3Zhdd1u https://t.co/MLNOIkiv8c,68
68,0.0,Tue Jan 09 16:33:03 +0000 2018,BBC,0.0,1.0,0.0,Prince Harry and Meghan Markle have visited a community radio station in Brixton. üìª https://t.co/GagmLYEocM https://t.co/OEwlHAeYhy,69
69,0.5093,Tue Jan 09 15:00:10 +0000 2018,BBC,0.0,0.785,0.215,The nominations for this year's Bafta Film Awards have been announced! ‚ú® üé¨ https://t.co/5yAuq8o65r https://t.co/rCkDXxxpZw,70
70,0.2023,Tue Jan 09 14:31:03 +0000 2018,BBC,0.0,0.924,0.076,üé¨üéû Films with female leads were the top three at the box office in 2017. Will Hollywood follow the money in future?‚Ä¶ https://t.co/qfLEvQs4Y0,71
71,0.5106,Tue Jan 09 14:00:07 +0000 2018,BBC,0.0,0.815,0.185,üéßüé∏ Nearly a quarter of the current UK top 40 is made up of tracks credited to more than one artist.‚Ä¶ https://t.co/waVrDMmuTy,72
72,0.7845,Tue Jan 09 13:53:31 +0000 2018,BBC,0.0,0.753,0.247,RT @BBCArchive: Blue Peter has been named the best children's TV programme by experts who have clearly never seen Button Moon. Here's Valer‚Ä¶,73
73,-0.1298,Tue Jan 09 13:52:08 +0000 2018,BBC,0.135,0.749,0.116,RT @BBCWiltshire: One of Longleat's most popular residents has died. Nico was believed to be the oldest silverback gorilla in Europe ü¶ç üò¢ ht‚Ä¶,74
74,0.0,Tue Jan 09 13:30:05 +0000 2018,BBC,0.0,1.0,0.0,"Sporting statue shockers... 

Michael, is that you? ü§î https://t.co/GUJHPqWlmW https://t.co/2vPD9z2FES",75
75,0.0,Tue Jan 09 13:00:10 +0000 2018,BBC,0.0,1.0,0.0,Feast your mince pies on this Cockney rhyming slang quiz. üëâ https://t.co/JQaEbCQUtZ https://t.co/LpKcYHUJCN,76
76,-0.4215,Tue Jan 09 12:37:58 +0000 2018,BBC,0.149,0.851,0.0,"RT @bbcthree: ""Do you regret keeping him?""

And other things not to say to single parents. https://t.co/CeTGyVVwD0",77
77,0.6705,Tue Jan 09 12:30:03 +0000 2018,BBC,0.0,0.756,0.244,"The @HairyBikers stuffed aubergines are easy enough to feed a crowd but special enough for a weekend lunch. üçÜüç¥

Ful‚Ä¶ https://t.co/aruvje4KAF",78
78,0.0,Tue Jan 09 12:01:03 +0000 2018,BBC,0.0,1.0,0.0,Joanna Lumley is to replace Stephen Fry as host of this year's #BAFTAs. ‚ú® üåü üé¨ https://t.co/ae94Exjzfu https://t.co/ZBGk0xjfzt,79
79,-0.5574,Tue Jan 09 11:36:03 +0000 2018,BBC,0.194,0.806,0.0,One of the world's oldest silverback male gorillas has died at Longleat Safari Park. üíî https://t.co/lMrxmoe7kG https://t.co/HIsPtnqJr3,80
80,-0.2023,Tue Jan 09 11:13:37 +0000 2018,BBC,0.096,0.904,0.0,"'A single shower can result in 100,000 plastic particles entering the ocean.'

Why #microbeads are controversial. üëâ‚Ä¶ https://t.co/q7QcOsYT4g",81
81,0.4588,Tue Jan 09 10:52:30 +0000 2018,BBC,0.0,0.842,0.158,"üé≠üèÜ Natalie Dormer and @LetitiaWright announce nominations for this year's #BAFTAs.

British Academy Film Awards | S‚Ä¶ https://t.co/tOeRYkiCut",82
82,0.0,Tue Jan 09 09:00:05 +0000 2018,BBC,0.0,1.0,0.0,Do you know the answer? ü§î https://t.co/EpDXFLZv93 https://t.co/wKPZAIkHhR,83
83,-0.5423,Tue Jan 09 08:45:47 +0000 2018,BBC,0.304,0.696,0.0,RT @BBCWorld: Australian animals suffer through extreme heat https://t.co/JYntMzQuoX,84
84,-0.4215,Tue Jan 09 08:41:09 +0000 2018,BBC,0.149,0.851,0.0,"RT @bbcthree: ""Do you regret keeping him?""

And other things not to say to single parents. https://t.co/nEyDAacVxT",85
85,0.802,Tue Jan 09 08:41:02 +0000 2018,BBC,0.0,0.754,0.246,"RT @BBCOne: SO MUCH LOVE FOR THE WORLD'S SMALLEST CAT! üòç  

üêØ #BigCats, starts Thursday at 8pm on @BBCOne and @BBCiPlayer.
https://t.co/YYQ‚Ä¶",86
86,0.0,Tue Jan 09 08:40:50 +0000 2018,BBC,0.0,1.0,0.0,RT @BBCNewsEnts: Have a look at who's been nominated for the #Baftas https://t.co/OSkPgdpMAS,87
87,0.0,Tue Jan 09 08:40:02 +0000 2018,BBC,0.0,1.0,0.0,"This man has been reunited with his digital camera following a social media campaign, a year after it was swept awa‚Ä¶ https://t.co/PgZ72xbKdN",88
88,0.0,Tue Jan 09 08:39:48 +0000 2018,BBC,0.0,1.0,0.0,RT @BBCNewsEnts: #Baftas new host - Joanna Lumley! https://t.co/fXiYK7j8Dn,89
89,-0.4588,Tue Jan 09 08:20:04 +0000 2018,BBC,0.15,0.85,0.0,"ü¶è Between 2007-14, rhino poaching rose 9000%. The very existence of the species is threatened by organised crime.‚Ä¶ https://t.co/MM90i44O8U",90
90,-0.6705,Tue Jan 09 08:00:04 +0000 2018,BBC,0.244,0.756,0.0,More than half a million tonnes of plastic and other untreated waste is dumped into the Ganges each year. https://t.co/fqsGo3x3F9,91
91,0.4404,Tue Jan 09 07:38:04 +0000 2018,BBC,0.0,0.892,0.108,"It's the time of year to switch your phone off, put the kettle on &amp; get between the covers - of a good book that is‚Ä¶ https://t.co/oUtgWBVBHu",92
92,0.296,Mon Jan 08 21:29:44 +0000 2018,BBC,0.0,0.905,0.095,"RT @bbc5live: Looking for some exercise and nutrition advice? üí™

Joe Wicks, aka @thebodycoach, shares his tips on how to sustain a long ter‚Ä¶",93
93,0.0,Mon Jan 08 21:29:01 +0000 2018,BBC,0.0,1.0,0.0,"RT @bbcasiannetwork: üì° The Asian Network Future Sounds 2018 list is live! üì°
‚¨áÔ∏è Get these artists on your radar right now ‚¨áÔ∏è
@rikaldn 
@nash‚Ä¶",94
94,-0.1655,Mon Jan 08 21:28:07 +0000 2018,BBC,0.099,0.831,0.069,"RT @bbcthesocial: Jordan thought nobody would give him a chance after prison, but now he's training to be a chef 

#IntoIt https://t.co/GVV‚Ä¶",95
95,0.3182,Mon Jan 08 21:27:12 +0000 2018,BBC,0.0,0.905,0.095,"RT @bbcworldservice: ""Our job as journalists is to bring the story back and to make sure that these things are not invisible."" @cmittermeie‚Ä¶",96
96,-0.25,Mon Jan 08 21:23:06 +0000 2018,BBC,0.118,0.882,0.0,RT @BBCiPlayer: üéÅ #HardSun is the new #boxset to get stuck into this week. #iplayerit https://t.co/7AEUPTrmRV https://t.co/DTxDAF4217,97
97,0.0772,Mon Jan 08 21:22:32 +0000 2018,BBC,0.0,0.939,0.061,RT @BBCWthrWatchers: Some cracking sunsets üåá in the north of the UK earlier. Cloudier conditions arriving overnight may limit the number of‚Ä¶,98
98,0.0,Mon Jan 08 20:30:06 +0000 2018,BBC,0.0,1.0,0.0,"The #SilentWitness team are back. 

9pm | @BBCOne | https://t.co/nluMqMB9kB https://t.co/XNJzlzoti7",99
99,0.0,Mon Jan 08 20:04:03 +0000 2018,BBC,0.0,1.0,0.0,Recy Taylor: who was the woman Oprah mentioned in her #GoldenGlobes speech? https://t.co/tiynXeMmCO https://t.co/1Pw4pUEQRY,100
100,0.8553,Wed Jan 10 17:15:18 +0000 2018,CBS,0.0,0.656,0.344,Hosts @7BOOMERESIASON &amp; @DanielaRuah return in Super Bowl Greatest Commercials 2018 pitting man vs. beast! Cast you‚Ä¶ https://t.co/bk8OKTblMw,1
101,0.0,Wed Jan 10 14:44:59 +0000 2018,CBS,0.0,1.0,0.0,"Music's Biggest Night¬Æ just got bigger with epic performances by @BrunoMars with @iamcardib, @KeshaRose, @sza and m‚Ä¶ https://t.co/rCWrP6PihR",2
102,0.1867,Tue Jan 09 19:30:28 +0000 2018,CBS,0.0,0.924,0.076,RT @BullCBS: Dr. #Bull's latest case could change the way Psychologists work. Don't miss tonight's new episode at 9/8c on CBS! https://t.co‚Ä¶,3
103,0.836,Tue Jan 09 19:27:16 +0000 2018,CBS,0.0,0.683,0.317,"üé∂@Prince pushed the envelope and never settled for ordinary.

Celebrate the greatest artists in music history at Th‚Ä¶ https://t.co/GPZ9YgK1tH",4
104,0.0,Tue Jan 09 18:29:39 +0000 2018,CBS,0.0,1.0,0.0,RT @AmazingRaceCBS: This race is just getting started. Catch a new episode of The #AmazingRace tomorrow at 8/7c on CBS! https://t.co/Nab5DC‚Ä¶,5
105,0.0,Mon Jan 08 18:07:57 +0000 2018,CBS,0.0,1.0,0.0,RT @startrekcbs: #StarTrekDiscovery is back! Episode 10 is now streaming on CBS All Access: https://t.co/xPeb97Rs8J https://t.co/Uvgab7nGgS,6
106,0.0,Mon Jan 08 14:34:48 +0000 2018,CBS,0.0,1.0,0.0,"New year, new case. Watch the latest episode of #NCISLA now: https://t.co/1rAsX4EsiB https://t.co/QzRZcORK9r",7
107,0.0,Mon Jan 08 14:29:20 +0000 2018,CBS,0.0,1.0,0.0,RT @AmazingRaceCBS: Which teams are zipping through the first leg of the #AmazingRace? https://t.co/8isAwPyrLY,8
108,0.0,Mon Jan 08 00:29:51 +0000 2018,CBS,0.0,1.0,0.0,RT @MadamSecretary: Is VP Hurst going to work with or against Elizabeth? Stream a new #MadamSecretary live with CBS All Access: https://t.c‚Ä¶,9
109,0.0,Sat Jan 06 20:05:17 +0000 2018,CBS,0.0,1.0,0.0,"RT @debrabirnbaum: .@ShawnRyanTV: To me, being on CBS is the opposite of preaching to the choir. #TCA18",10
110,0.8271,Sat Jan 06 19:04:08 +0000 2018,CBS,0.0,0.686,0.314,RT @LivinBiblically: ‚ÄúThe truth is it somehow gorgeously straddles both sides...I have had friends come from all different walks of life an‚Ä¶,11
111,-0.7717,Sat Jan 06 19:03:38 +0000 2018,CBS,0.226,0.774,0.0,RT @instinctcbs: ‚ÄúThis is a crime show where at the end you‚Äôre not reminded of how miserable things are in the world right now‚Ä¶You feel sat‚Ä¶,12
112,0.0,Sat Jan 06 00:37:55 +0000 2018,CBS,0.0,1.0,0.0,"RT @startrekcbs: Star Trek has touched the lives of generations of fans, including the cast and writers of #StarTrekDiscovery. What's your‚Ä¶",13
113,0.0,Sat Jan 06 00:30:53 +0000 2018,CBS,0.0,1.0,0.0,#StrangeAngel has found its leading man! Jack Reynor will star as famed rocket engineer Jack Parsons in the upcomin‚Ä¶ https://t.co/sHkSKABGfd,14
114,0.0,Fri Jan 05 18:30:42 +0000 2018,CBS,0.0,1.0,0.0,"The streak of new episodes continues! Watch new episodes of #MacGyver, #H50 &amp; #BlueBloods tonight starting at 8/7c.‚Ä¶ https://t.co/xs2vbVqBJZ",15
115,0.0,Fri Jan 05 16:05:58 +0000 2018,CBS,0.0,1.0,0.0,"RT @CBSTweet: #CBSRatingsNews: CBS Sweeps Fourth Quarter Ratings in Daytime, Primetime and Late Night for the First Time Since 2009 https:/‚Ä¶",16
116,0.1867,Thu Jan 04 23:13:02 +0000 2018,CBS,0.0,0.89,0.11,"New year, new episodes! Don't miss all-new episodes of @BigBangTheory, @YoungSheldon, @MomCBS, @LifeInPiecesCBS, an‚Ä¶ https://t.co/COf6Qg8Mz1",17
117,-0.296,Thu Jan 04 14:43:09 +0000 2018,CBS,0.121,0.879,0.0,"Current nominees @LadyGaga, @LittleBigTown, @Pink, Childish Gambino and more will perform live at the #GRAMMYs, Jan‚Ä¶ https://t.co/PlLMasNPwD",18
118,0.5423,Wed Jan 03 20:33:09 +0000 2018,CBS,0.0,0.821,0.179,"RT @startrekcbs: From Airiam to Zefram Cochrane, #StarTrekDiscovery features fascinating new concepts along with classic references. What's‚Ä¶",19
119,-0.5267,Wed Jan 03 19:51:15 +0000 2018,CBS,0.167,0.833,0.0,Torres and Bishop went undercover as a criminal couple on the latest episode of #NCIS. Catch up now:‚Ä¶ https://t.co/1iTEneHyJS,20
120,0.8553,Wed Jan 10 17:15:18 +0000 2018,CBS,0.0,0.656,0.344,Hosts @7BOOMERESIASON &amp; @DanielaRuah return in Super Bowl Greatest Commercials 2018 pitting man vs. beast! Cast you‚Ä¶ https://t.co/bk8OKTblMw,21
121,0.0,Wed Jan 10 14:44:59 +0000 2018,CBS,0.0,1.0,0.0,"Music's Biggest Night¬Æ just got bigger with epic performances by @BrunoMars with @iamcardib, @KeshaRose, @sza and m‚Ä¶ https://t.co/rCWrP6PihR",22
122,0.1867,Tue Jan 09 19:30:28 +0000 2018,CBS,0.0,0.924,0.076,RT @BullCBS: Dr. #Bull's latest case could change the way Psychologists work. Don't miss tonight's new episode at 9/8c on CBS! https://t.co‚Ä¶,23
123,0.836,Tue Jan 09 19:27:16 +0000 2018,CBS,0.0,0.683,0.317,"üé∂@Prince pushed the envelope and never settled for ordinary.

Celebrate the greatest artists in music history at Th‚Ä¶ https://t.co/GPZ9YgK1tH",24
124,0.0,Tue Jan 09 18:29:39 +0000 2018,CBS,0.0,1.0,0.0,RT @AmazingRaceCBS: This race is just getting started. Catch a new episode of The #AmazingRace tomorrow at 8/7c on CBS! https://t.co/Nab5DC‚Ä¶,25
125,0.0,Mon Jan 08 18:07:57 +0000 2018,CBS,0.0,1.0,0.0,RT @startrekcbs: #StarTrekDiscovery is back! Episode 10 is now streaming on CBS All Access: https://t.co/xPeb97Rs8J https://t.co/Uvgab7nGgS,26
126,0.0,Mon Jan 08 14:34:48 +0000 2018,CBS,0.0,1.0,0.0,"New year, new case. Watch the latest episode of #NCISLA now: https://t.co/1rAsX4EsiB https://t.co/QzRZcORK9r",27
127,0.0,Mon Jan 08 14:29:20 +0000 2018,CBS,0.0,1.0,0.0,RT @AmazingRaceCBS: Which teams are zipping through the first leg of the #AmazingRace? https://t.co/8isAwPyrLY,28
128,0.0,Mon Jan 08 00:29:51 +0000 2018,CBS,0.0,1.0,0.0,RT @MadamSecretary: Is VP Hurst going to work with or against Elizabeth? Stream a new #MadamSecretary live with CBS All Access: https://t.c‚Ä¶,29
129,0.0,Sat Jan 06 20:05:17 +0000 2018,CBS,0.0,1.0,0.0,"RT @debrabirnbaum: .@ShawnRyanTV: To me, being on CBS is the opposite of preaching to the choir. #TCA18",30
130,0.8271,Sat Jan 06 19:04:08 +0000 2018,CBS,0.0,0.686,0.314,RT @LivinBiblically: ‚ÄúThe truth is it somehow gorgeously straddles both sides...I have had friends come from all different walks of life an‚Ä¶,31
131,-0.7717,Sat Jan 06 19:03:38 +0000 2018,CBS,0.226,0.774,0.0,RT @instinctcbs: ‚ÄúThis is a crime show where at the end you‚Äôre not reminded of how miserable things are in the world right now‚Ä¶You feel sat‚Ä¶,32
132,0.0,Sat Jan 06 00:37:55 +0000 2018,CBS,0.0,1.0,0.0,"RT @startrekcbs: Star Trek has touched the lives of generations of fans, including the cast and writers of #StarTrekDiscovery. What's your‚Ä¶",33
133,0.0,Sat Jan 06 00:30:53 +0000 2018,CBS,0.0,1.0,0.0,#StrangeAngel has found its leading man! Jack Reynor will star as famed rocket engineer Jack Parsons in the upcomin‚Ä¶ https://t.co/sHkSKABGfd,34
134,0.0,Fri Jan 05 18:30:42 +0000 2018,CBS,0.0,1.0,0.0,"The streak of new episodes continues! Watch new episodes of #MacGyver, #H50 &amp; #BlueBloods tonight starting at 8/7c.‚Ä¶ https://t.co/xs2vbVqBJZ",35
135,0.0,Fri Jan 05 16:05:58 +0000 2018,CBS,0.0,1.0,0.0,"RT @CBSTweet: #CBSRatingsNews: CBS Sweeps Fourth Quarter Ratings in Daytime, Primetime and Late Night for the First Time Since 2009 https:/‚Ä¶",36
136,0.1867,Thu Jan 04 23:13:02 +0000 2018,CBS,0.0,0.89,0.11,"New year, new episodes! Don't miss all-new episodes of @BigBangTheory, @YoungSheldon, @MomCBS, @LifeInPiecesCBS, an‚Ä¶ https://t.co/COf6Qg8Mz1",37
137,-0.296,Thu Jan 04 14:43:09 +0000 2018,CBS,0.121,0.879,0.0,"Current nominees @LadyGaga, @LittleBigTown, @Pink, Childish Gambino and more will perform live at the #GRAMMYs, Jan‚Ä¶ https://t.co/PlLMasNPwD",38
138,0.5423,Wed Jan 03 20:33:09 +0000 2018,CBS,0.0,0.821,0.179,"RT @startrekcbs: From Airiam to Zefram Cochrane, #StarTrekDiscovery features fascinating new concepts along with classic references. What's‚Ä¶",39
139,-0.5267,Wed Jan 03 19:51:15 +0000 2018,CBS,0.167,0.833,0.0,Torres and Bishop went undercover as a criminal couple on the latest episode of #NCIS. Catch up now:‚Ä¶ https://t.co/1iTEneHyJS,40
140,0.5423,Wed Jan 03 15:00:05 +0000 2018,CBS,0.0,0.857,0.143,Do you know all the nominees for Artist Of The Year? Get familiar with this year's GRAMMY¬Æ Award nominees ahead of‚Ä¶ https://t.co/UQa8Mu9PUV,41
141,0.0,Wed Jan 03 12:00:01 +0000 2018,CBS,0.0,1.0,0.0,"The new year of new episodes continues tonight with all-new episodes of #AmazingRace, #SEALTeam and #CriminalMinds‚Ä¶ https://t.co/bwhNhQgsFC",42
142,-0.7692,Wed Jan 03 00:47:26 +0000 2018,CBS,0.267,0.733,0.0,"RT @BullCBS: Tonight, can #Bull prove that a teen accused of robbing a jewelry store isn't responsible for the crime? Tune in at 9/8c or st‚Ä¶",43
143,0.8516,Tue Jan 02 22:41:51 +0000 2018,CBS,0.0,0.66,0.34,It's your last chance to choose the pro football player with the best off-the-field talent! Vote now to decide who‚Ä¶ https://t.co/6DjwqU0MB9,44
144,0.0,Tue Jan 02 08:00:03 +0000 2018,CBS,0.0,1.0,0.0,"New year, new episodes -- all week long! It kicks off with an all-new #NCIS, #Bull and #NCISNOLA tonight starting a‚Ä¶ https://t.co/bcmAaUQJtf",45
145,0.0,Mon Jan 01 01:16:12 +0000 2018,CBS,0.0,1.0,0.0,"Due to #NFL football games overrun, revised start times &amp; lineup for Eastern/Central Time Zones Only:
#60Minutes 8:‚Ä¶ https://t.co/rqOYbM5j0h",46
146,0.7798,Sun Dec 31 14:37:05 +0000 2017,CBS,0.0,0.736,0.264,Get ready for football! Stream NFL on CBS today with #CBSAllAccess. Try 1 month FREE with promo code BINGE (not ava‚Ä¶ https://t.co/NEntvW7QHd,47
147,0.0,Sat Dec 30 20:25:20 +0000 2017,CBS,0.0,1.0,0.0,"RT @NoActivityCBS: All season nothing's happened. Now prepare for activity. Stream the #NoActivity season finale Sunday, Dec 31 on CBS All‚Ä¶",48
148,0.3612,Sat Dec 30 20:24:58 +0000 2017,CBS,0.0,0.884,0.116,RT @startrekcbs: Find out what happens when you boldly go too far. #StarTrekDiscovery continues January 7 on CBS All Access: https://t.co/f‚Ä¶,49
149,0.0857,Fri Dec 29 16:06:02 +0000 2017,CBS,0.144,0.699,0.157,Stream NC State Wolfpack at Arizona State Sun Devils LIVE today at 3PM ET with a 1-month FREE trial of‚Ä¶ https://t.co/8k50thgtip,50
150,0.1511,Thu Dec 28 20:31:01 +0000 2017,CBS,0.096,0.783,0.121,"In case you missed this star-studded tribute to Carol Burnett's classic comedy series, catch up now! Watch The Caro‚Ä¶ https://t.co/wu7BxM9gtm",51
151,0.0,Thu Dec 28 19:28:22 +0000 2017,CBS,0.0,1.0,0.0,Some of TV's biggest stars saluted @TheNormanLear's impact on television and culture at The 40th Annual Kennedy Cen‚Ä¶ https://t.co/E74ChUW1uE,52
152,0.875,Wed Dec 27 22:45:05 +0000 2017,CBS,0.0,0.643,0.357,The search is on to find the pro football player with the best off-the-field talent. Vote for your favorite player‚Ä¶ https://t.co/R0fb5ngJ16,53
153,0.7717,Wed Dec 27 21:04:10 +0000 2017,CBS,0.0,0.705,0.295,"Celebrate everyone's favorite classic sitcom with Carol Burnett, Vicki Lawrence, and more stars during The Carol Bu‚Ä¶ https://t.co/SaiZ9TzBVO",54
154,0.8452,Wed Dec 27 19:52:02 +0000 2017,CBS,0.0,0.663,0.337,Joy to the world of streaming! Try #CBSAllAccess FREE for 1 month ‚Äì just use code BINGE by 1/2:‚Ä¶ https://t.co/9p1ACnslz6,55
155,0.0,Wed Dec 27 19:40:34 +0000 2017,CBS,0.0,1.0,0.0,"Music legend Stevie Wonder salutes @LionelRichie while performing his classic hit, ""Easy"" at The 40th Annual Kenned‚Ä¶ https://t.co/7TeDeNyhgo",56
156,0.7003,Wed Dec 27 12:00:01 +0000 2017,CBS,0.0,0.766,0.234,"As the youngest Kennedy Center Honoree in 40 years, @LLCoolJ talks about what motivates him to chase his dreams. Wa‚Ä¶ https://t.co/DFY78y99w3",57
157,0.8398,Wed Dec 27 07:27:33 +0000 2017,CBS,0.0,0.64,0.36,Here's to the 2017 Kennedy Center Honorees! Catch up on an evening of stunning performances and inspiring speeches‚Ä¶ https://t.co/jGfANpSCul,58
158,0.8221,Wed Dec 27 04:00:52 +0000 2017,CBS,0.0,0.664,0.336,This celebration could go all night long! What a great final performance in honor of @LionelRichie. #KCHonors https://t.co/xKLWpKr3v0,59
159,0.0,Wed Dec 27 03:59:48 +0000 2017,CBS,0.0,1.0,0.0,RT @MarkAPrinceJr: A #LionelRichie tribute is not complete without üé∂All Night Longüé∂ üòÅ #KCHonors,60
160,0.8271,Wed Dec 27 03:36:01 +0000 2017,CBS,0.0,0.58,0.42,Carmen de Lavallade (@CarmenDances) got emotional during those beautiful performances in her honor. Congratulations‚Ä¶ https://t.co/gOCAZpZDpt,61
161,0.8103,Wed Dec 27 03:35:29 +0000 2017,CBS,0.0,0.685,0.315,RT @Glamourtunist: This tribute to Carmen de Lavallade at the #KCHonors is so beautiful and well deserved. ‚ù§Ô∏è,62
162,0.0,Wed Dec 27 03:03:49 +0000 2017,CBS,0.0,1.0,0.0,RT @llcoolj: Attn: #HIPHOP !!!! We made history!! #KCHonors,63
163,0.5255,Wed Dec 27 03:03:26 +0000 2017,CBS,0.0,0.78,0.22,.@llcoolj is making history! He‚Äôs the Kennedy Center‚Äôs first hip-hop honoree. #KCHonors https://t.co/kCqkOdUjtu,64
164,0.7096,Wed Dec 27 02:57:56 +0000 2017,CBS,0.0,0.753,0.247,RT @ErinAnnCullen: #KCHonors is always a night of inspiration. Thank you to these artists for your impact on our country. ‚ù§Ô∏èüß°üíõüíöüíôüíú,65
165,0.7345,Wed Dec 27 02:48:52 +0000 2017,CBS,0.0,0.64,0.36,Give a round of applause to television pioneer and 2017 Honoree @TheNormanLear! #KCHonors https://t.co/20UosF987x,66
166,0.6124,Wed Dec 27 02:45:34 +0000 2017,CBS,0.0,0.826,0.174,RT @AliL: This tribute to Norman Lear on #KCHonors is outstanding AND a walk down my childhood TV memory lane. üëèüèªüì∫,67
167,0.3699,Wed Dec 27 02:28:07 +0000 2017,CBS,0.0,0.702,0.298,RT @llcoolj: Moments I‚Äôll never forget!!! #KCHonors,68
168,0.8748,Wed Dec 27 02:26:46 +0000 2017,CBS,0.0,0.474,0.526,.@GloriaEstefan approves of those amazing musical performances in her honor! #KCHonors https://t.co/i3EVYEoKRx,69
169,0.9601,Wed Dec 27 02:20:11 +0000 2017,CBS,0.0,0.434,0.566,RT @thepickypantry: Beautiful tribute to @GloriaEstefan on the Kennedy Center Honors. Love Mi Tierra! Amazing and inspiring what a fighter‚Ä¶,70
170,0.8908,Wed Dec 27 02:00:29 +0000 2017,CBS,0.0,0.654,0.346,Time to celebrate the 2017 honorees at The 40th Annual Kennedy Center Honors! Tune in now on CBS and CBS All Access‚Ä¶ https://t.co/1OULMpCfPy,71
171,0.0,Wed Dec 27 01:08:32 +0000 2017,CBS,0.0,1.0,0.0,"Tonight, @LionelRichie, @LLCoolJ, @GloriaEstefan, @TheNormanLear &amp; Carmen de Lavallade will be recognized at The 40‚Ä¶ https://t.co/jZJqNo8h3b",72
172,0.2415,Tue Dec 26 12:00:01 +0000 2017,CBS,0.173,0.61,0.218,"Don't miss the breathtaking performances, standing ovations and moving tributes that will leave you inspired. Here'‚Ä¶ https://t.co/imILa52fjz",73
173,0.5106,Mon Dec 25 12:00:05 +0000 2017,CBS,0.0,0.809,0.191,"Experience the performances and the memories when 2017 Honorees @LionelRichie, @GloriaEstefan, Carmen de Lavallade,‚Ä¶ https://t.co/ygbqASVL7t",74
174,-0.2263,Mon Dec 25 00:48:24 +0000 2017,CBS,0.101,0.899,0.0,"Due to NFL overrun CBS is delayed 36mins in Charlotte/NC, Cincinnati/OH, Nashville, Atlanta, New Orleans, Baton Rou‚Ä¶ https://t.co/20mnbAhpTm",75
175,0.7574,Sun Dec 24 20:40:42 +0000 2017,CBS,0.0,0.711,0.289,"Tonight, get together and enjoy Christmas Eve with a two-hour marathon of your favorite classic sitcoms! Watch The‚Ä¶ https://t.co/SCv8TJy9Yp",76
176,0.7974,Sun Dec 24 14:17:43 +0000 2017,CBS,0.0,0.727,0.273,Get ready for football! Stream NFL on CBS today with #CBSAllAccess. Try 1 month FREE with promo code BINGE! (Not av‚Ä¶ https://t.co/6mR4bRR5Ey,77
177,0.0,Sun Dec 24 12:30:02 +0000 2017,CBS,0.0,1.0,0.0,"All In The Family star @RobReiner gives props to legendary television writer, producer and 2017 Kennedy Center Hono‚Ä¶ https://t.co/98jc5i63zE",78
178,0.0,Sat Dec 23 16:21:17 +0000 2017,CBS,0.0,1.0,0.0,"Rapper @BustaRhymes pays tribute to @LLCoolJ, performing his hit song ""Mama Said Knock You Out"" at The 40th Annual‚Ä¶ https://t.co/CRjQArUqwd",79
179,0.8236,Sat Dec 23 15:00:02 +0000 2017,CBS,0.0,0.714,0.286,"Oh, what fun it is to stream! Start a 1-month FREE trial of #CBSAllAccess now. Use promo code BINGE by 1/2:‚Ä¶ https://t.co/rSAnDJDgbI",80
180,0.7712,Sat Dec 23 12:37:04 +0000 2017,CBS,0.0,0.645,0.355,CBS stars are glowing with holiday spirit! See how the stars are getting festive this season:‚Ä¶ https://t.co/7qYTHoxFIc,81
181,0.743,Sat Dec 23 07:24:44 +0000 2017,CBS,0.107,0.583,0.311,Spread some holiday cheer and laugh along with Dick Van Dyke and Mary Tyler Moore in two back-to-back episodes of T‚Ä¶ https://t.co/N89JoYvXZW,82
182,0.8687,Sat Dec 23 06:39:45 +0000 2017,CBS,0.0,0.635,0.365,Come home for the holidays with Lucy and Ricky in the I Love Lucy Christmas Special! Stream the full show:‚Ä¶ https://t.co/s7f9mjEtER,83
183,-0.1531,Sat Dec 23 01:38:37 +0000 2017,CBS,0.127,0.769,0.104,"Tonight at 9/8c, gather the family for two hilarious episodes of this classic sitcom in The Dick Van Dyke Show- Now‚Ä¶ https://t.co/YcyECVr2NN",84
184,0.9422,Sat Dec 23 00:39:52 +0000 2017,CBS,0.0,0.531,0.469,Get ready to laugh in the holidays tonight with Lucy and the gang in the I Love Lucy Christmas Special at 8/7c! Str‚Ä¶ https://t.co/txU2TwXWOg,85
185,0.6588,Fri Dec 22 19:35:35 +0000 2017,CBS,0.0,0.759,0.241,"Tonight, ring in the holidays with two back-to-back episodes of a timeless comedy classic, now in color! Watch the‚Ä¶ https://t.co/skJsgJdQel",86
186,0.6597,Fri Dec 22 18:03:20 +0000 2017,CBS,0.0,0.722,0.278,"Groundbreaking, daring, fearless. This is CBS All Access Originals. 

Sign up now to watch @StarTrekCBS,‚Ä¶ https://t.co/kvPsJafYrN",87
187,0.5255,Fri Dec 22 14:04:52 +0000 2017,CBS,0.0,0.841,0.159,2017 Honoree @LLCoolJ is the first hip-hop artist recognized at the #KCHonors! Learn more about the @NCISLA star's‚Ä¶ https://t.co/eK91KdBNpG,88
188,0.8718,Thu Dec 21 12:04:04 +0000 2017,CBS,0.0,0.632,0.368,"She's at it again! Tomorrow, relive Lucy's hilarious antics during the I Love Lucy Christmas Special at 8/7c on CBS‚Ä¶ https://t.co/g01UGGLEDk",89
189,0.6597,Thu Dec 21 01:04:27 +0000 2017,CBS,0.0,0.787,0.213,"RT @survivorcbs: 6 heroes, 6 healers, 6 hustlers, but only 1 sole #Survivor. Ready to find out who it is? Tune in to the #SurvivorFinale no‚Ä¶",90
190,0.3818,Wed Dec 20 23:00:04 +0000 2017,CBS,0.0,0.843,0.157,Watch @kelly_clarkson deliver a moving performance of 'Christmas Eve' during A Home for the Holidays with‚Ä¶ https://t.co/TAcstl7VYh,91
191,0.743,Wed Dec 20 21:08:10 +0000 2017,CBS,0.0,0.751,0.249,"In two days, celebrate the holidays with the gang with two back-to-back episodes of the classic sitcom during the I‚Ä¶ https://t.co/FRr8jX7MXZ",92
192,0.7222,Wed Dec 20 20:10:15 +0000 2017,CBS,0.0,0.719,0.281,2017 Honoree @LLCoolJ salutes James Brown for paving the way for artists like himself. Don't miss The 40th Annual K‚Ä¶ https://t.co/310Wfk7EoW,93
193,0.0,Wed Dec 20 19:31:47 +0000 2017,CBS,0.0,1.0,0.0,Singer-songwriter @JoshGroban delivers a powerhouse performance while raising awareness of adoption through foster‚Ä¶ https://t.co/FiQKJdx7Ty,94
194,0.5423,Wed Dec 20 15:30:01 +0000 2017,CBS,0.0,0.857,0.143,Do you know all the nominees for Album Of The Year? Get familiar with this year's GRAMMY¬Æ  Award nominees ahead of‚Ä¶ https://t.co/GYnxLT3n4p,95
195,0.1139,Wed Dec 20 01:01:19 +0000 2017,CBS,0.0,0.941,0.059,RT @survivorcbs: This finale is going to be unlike any ending in the history of #Survivor. Don't miss the finale + reunion all starting Wed‚Ä¶,96
196,0.7644,Wed Dec 20 00:14:34 +0000 2017,CBS,0.0,0.708,0.292,"This Friday, gather around the tree and celebrate the holidays with Lucille Ball! Watch two colorized back-to-back‚Ä¶ https://t.co/4wopbmS4ez",97
197,0.0,Tue Dec 19 21:12:50 +0000 2017,CBS,0.0,1.0,0.0,Kevin and Vanessa took a trip back in time on last night's #KevinCanWait. Watch the latest episode now:‚Ä¶ https://t.co/SAqbLOd1Pg,98
198,0.3818,Tue Dec 19 21:00:03 +0000 2017,CBS,0.0,0.852,0.148,"Find out how to watch A Home for the Holidays with @JoshGroban, featuring performances by @Kelly_Clarkson,‚Ä¶ https://t.co/Y6zrR9PigH",99
199,0.5719,Tue Dec 19 15:30:04 +0000 2017,CBS,0.0,0.791,0.209,"In one week, celebrate a night of legends when @LionelRichie, @GloriaEstefan, Carmen de Lavallade (@CarmenDances),‚Ä¶ https://t.co/u7eXxb521H",100
200,0.0258,Thu Jan 11 00:21:06 +0000 2018,CNN,0.102,0.791,0.107,"Star gymnast Aly Raisman accused USA Gymnastics of being ""100% responsible"" for former team doctor Larry Nassar's y‚Ä¶ https://t.co/cstO4wPqW4",1
201,-0.4019,Thu Jan 11 00:14:43 +0000 2018,CNN,0.179,0.821,0.0,"No, the movie ""Independence Day"" hasn't come to life. This photo shows a massive shelf cloud looming over Sydney‚Ä¶ https://t.co/y9sHSdN3Kq",2
202,-0.6249,Thu Jan 11 00:08:18 +0000 2018,CNN,0.204,0.796,0.0,"A Florida university posted campus police outside a sociology class titled ""White Racism"" after the professor was f‚Ä¶ https://t.co/bE2CydWmZd",3
203,-0.4767,Wed Jan 10 23:57:04 +0000 2018,CNN,0.272,0.59,0.138,"Michael Wolff's book ""Fire and Fury: Inside the Trump White House"" debuts at No. 1 on The New York Times' best sell‚Ä¶ https://t.co/J1mUX7Uwub",4
204,-0.0772,Wed Jan 10 23:51:06 +0000 2018,CNN,0.121,0.769,0.11,Thieves reportedly made off with about $5.4 million in jewels from the Ritz Hotel in Paris. It was the second big j‚Ä¶ https://t.co/UkDXepATJt,5
205,0.0,Wed Jan 10 23:44:04 +0000 2018,CNN,0.0,1.0,0.0,"US President Trump is planning an America First ""vindication tour"" during his trip to Davos, Switzerland, sources s‚Ä¶ https://t.co/a2Xe1rItUD",6
206,-0.25,Wed Jan 10 23:38:07 +0000 2018,CNN,0.102,0.841,0.058,"The number of lives lost to the US opioid epidemic continues to spike, and this has contributed to a record number‚Ä¶ https://t.co/T7i8BPcqtq",7
207,0.5106,Wed Jan 10 23:30:20 +0000 2018,CNN,0.0,0.845,0.155,President Trump calls for a review of libel laws (again) in his latest salvo against the free press  | By‚Ä¶ https://t.co/4ZcKY4Qr82,8
208,0.2023,Wed Jan 10 23:26:33 +0000 2018,CNN,0.0,0.924,0.076,RT @CNNSitRoom: Sen. Murphy: Trump is going to have to go under oath and tell his side of the story. It‚Äôs important. https://t.co/vvw9uRQZ6‚Ä¶,9
209,-0.5574,Wed Jan 10 23:23:02 +0000 2018,CNN,0.153,0.847,0.0,"The White House ban on staffers using personal cellphones in the West Wing will go into effect next Tuesday, accord‚Ä¶ https://t.co/TzjxHuCx1t",10
210,-0.5994,Wed Jan 10 23:18:11 +0000 2018,CNN,0.178,0.822,0.0,"This year marks the 50th anniversary of the Rev. Martin Luther King Jr.'s assassination.

In recognition, The King‚Ä¶ https://t.co/Vl1QBC7yFU",11
211,-0.4019,Wed Jan 10 23:11:28 +0000 2018,CNN,0.162,0.838,0.0,The problem isn't Trump's brain. It's his heart | By Michael D'Antonio via @CNNOpinion https://t.co/KJAdeEOHEo https://t.co/8mj3L9Bph0,12
212,0.765,Wed Jan 10 23:05:09 +0000 2018,CNN,0.0,0.691,0.309,President Trump's top national security advisers are encouraging him to comply with the terms of the 2015 Iran nucl‚Ä¶ https://t.co/tsoArk6kUd,13
213,-0.3818,Wed Jan 10 22:56:02 +0000 2018,CNN,0.178,0.822,0.0,Sen. Rand Paul threatens to filibuster over the FISA surveillance program https://t.co/nxPZ1afxIz https://t.co/wELVWX3lld,14
214,0.0,Wed Jan 10 22:48:06 +0000 2018,CNN,0.0,1.0,0.0,GoPro CEO and founder Nick Woodman said his company is open to a sale https://t.co/k0kC8yGjDQ https://t.co/5Bgwiqz3pE,15
215,0.0,Wed Jan 10 22:40:46 +0000 2018,CNN,0.0,1.0,0.0,The Trump administration is about to start letting states require many Medicaid recipients to work for their benefi‚Ä¶ https://t.co/41llbTiAgY,16
216,0.1027,Wed Jan 10 22:31:09 +0000 2018,CNN,0.086,0.81,0.105,"An Ohio man has been charged with allegedly creating and installing computer malware, called Fruitfly, that let him‚Ä¶ https://t.co/wvE0ThYqJC",17
217,-0.296,Wed Jan 10 22:24:05 +0000 2018,CNN,0.145,0.855,0.0,"Trump uses ""no collusion"" 7 times in a single Russia answer | Analysis by @CillizzaCNN https://t.co/tuJfiAajzv https://t.co/PMWxbFcGAC",18
218,0.0772,Wed Jan 10 22:18:08 +0000 2018,CNN,0.14,0.702,0.158,"Smart or ""crazy talk""? Lawmakers are split over President Trump's earmark proposal https://t.co/nylGMAERg3 https://t.co/lDsBjjnwlw",19
219,0.1027,Wed Jan 10 22:11:25 +0000 2018,CNN,0.0,0.92,0.08,A South Carolina Republican says the Trump administration's decision to exempt Florida from offshore drilling -- af‚Ä¶ https://t.co/Lb9tLh2kXL,20
220,0.0258,Thu Jan 11 00:21:06 +0000 2018,CNN,0.102,0.791,0.107,"Star gymnast Aly Raisman accused USA Gymnastics of being ""100% responsible"" for former team doctor Larry Nassar's y‚Ä¶ https://t.co/cstO4wPqW4",21
221,-0.4019,Thu Jan 11 00:14:43 +0000 2018,CNN,0.179,0.821,0.0,"No, the movie ""Independence Day"" hasn't come to life. This photo shows a massive shelf cloud looming over Sydney‚Ä¶ https://t.co/y9sHSdN3Kq",22
222,-0.6249,Thu Jan 11 00:08:18 +0000 2018,CNN,0.204,0.796,0.0,"A Florida university posted campus police outside a sociology class titled ""White Racism"" after the professor was f‚Ä¶ https://t.co/bE2CydWmZd",23
223,-0.4767,Wed Jan 10 23:57:04 +0000 2018,CNN,0.272,0.59,0.138,"Michael Wolff's book ""Fire and Fury: Inside the Trump White House"" debuts at No. 1 on The New York Times' best sell‚Ä¶ https://t.co/J1mUX7Uwub",24
224,-0.0772,Wed Jan 10 23:51:06 +0000 2018,CNN,0.121,0.769,0.11,Thieves reportedly made off with about $5.4 million in jewels from the Ritz Hotel in Paris. It was the second big j‚Ä¶ https://t.co/UkDXepATJt,25
225,0.0,Wed Jan 10 23:44:04 +0000 2018,CNN,0.0,1.0,0.0,"US President Trump is planning an America First ""vindication tour"" during his trip to Davos, Switzerland, sources s‚Ä¶ https://t.co/a2Xe1rItUD",26
226,-0.25,Wed Jan 10 23:38:07 +0000 2018,CNN,0.102,0.841,0.058,"The number of lives lost to the US opioid epidemic continues to spike, and this has contributed to a record number‚Ä¶ https://t.co/T7i8BPcqtq",27
227,0.5106,Wed Jan 10 23:30:20 +0000 2018,CNN,0.0,0.845,0.155,President Trump calls for a review of libel laws (again) in his latest salvo against the free press  | By‚Ä¶ https://t.co/4ZcKY4Qr82,28
228,0.2023,Wed Jan 10 23:26:33 +0000 2018,CNN,0.0,0.924,0.076,RT @CNNSitRoom: Sen. Murphy: Trump is going to have to go under oath and tell his side of the story. It‚Äôs important. https://t.co/vvw9uRQZ6‚Ä¶,29
229,-0.5574,Wed Jan 10 23:23:02 +0000 2018,CNN,0.153,0.847,0.0,"The White House ban on staffers using personal cellphones in the West Wing will go into effect next Tuesday, accord‚Ä¶ https://t.co/TzjxHuCx1t",30
230,-0.5994,Wed Jan 10 23:18:11 +0000 2018,CNN,0.178,0.822,0.0,"This year marks the 50th anniversary of the Rev. Martin Luther King Jr.'s assassination.

In recognition, The King‚Ä¶ https://t.co/Vl1QBC7yFU",31
231,-0.4019,Wed Jan 10 23:11:28 +0000 2018,CNN,0.162,0.838,0.0,The problem isn't Trump's brain. It's his heart | By Michael D'Antonio via @CNNOpinion https://t.co/KJAdeEOHEo https://t.co/8mj3L9Bph0,32
232,0.765,Wed Jan 10 23:05:09 +0000 2018,CNN,0.0,0.691,0.309,President Trump's top national security advisers are encouraging him to comply with the terms of the 2015 Iran nucl‚Ä¶ https://t.co/tsoArk6kUd,33
233,-0.3818,Wed Jan 10 22:56:02 +0000 2018,CNN,0.178,0.822,0.0,Sen. Rand Paul threatens to filibuster over the FISA surveillance program https://t.co/nxPZ1afxIz https://t.co/wELVWX3lld,34
234,0.0,Wed Jan 10 22:48:06 +0000 2018,CNN,0.0,1.0,0.0,GoPro CEO and founder Nick Woodman said his company is open to a sale https://t.co/k0kC8yGjDQ https://t.co/5Bgwiqz3pE,35
235,0.0,Wed Jan 10 22:40:46 +0000 2018,CNN,0.0,1.0,0.0,The Trump administration is about to start letting states require many Medicaid recipients to work for their benefi‚Ä¶ https://t.co/41llbTiAgY,36
236,0.1027,Wed Jan 10 22:31:09 +0000 2018,CNN,0.086,0.81,0.105,"An Ohio man has been charged with allegedly creating and installing computer malware, called Fruitfly, that let him‚Ä¶ https://t.co/wvE0ThYqJC",37
237,-0.296,Wed Jan 10 22:24:05 +0000 2018,CNN,0.145,0.855,0.0,"Trump uses ""no collusion"" 7 times in a single Russia answer | Analysis by @CillizzaCNN https://t.co/tuJfiAajzv https://t.co/PMWxbFcGAC",38
238,0.0772,Wed Jan 10 22:18:08 +0000 2018,CNN,0.14,0.702,0.158,"Smart or ""crazy talk""? Lawmakers are split over President Trump's earmark proposal https://t.co/nylGMAERg3 https://t.co/lDsBjjnwlw",39
239,0.1027,Wed Jan 10 22:11:25 +0000 2018,CNN,0.0,0.92,0.08,A South Carolina Republican says the Trump administration's decision to exempt Florida from offshore drilling -- af‚Ä¶ https://t.co/Lb9tLh2kXL,40
240,0.0,Wed Jan 10 21:58:07 +0000 2018,CNN,0.0,1.0,0.0,The largest consumer electronics show in the world experienced a power outage for about 2 hours‚Ä¶ https://t.co/WsXScCzDHm,41
241,0.0,Wed Jan 10 21:53:01 +0000 2018,CNN,0.0,1.0,0.0,"""My whole life is here. My home. My son. His future.""

This woman says she has recurring nightmares about being for‚Ä¶ https://t.co/KnGjXhFmET",42
242,-0.7506,Wed Jan 10 21:38:06 +0000 2018,CNN,0.274,0.726,0.0,Michael Douglas has denied what he says is a forthcoming claim of sexual harassment against him in a new interview‚Ä¶ https://t.co/YWrmoUfnYV,43
243,0.128,Wed Jan 10 21:31:09 +0000 2018,CNN,0.0,0.919,0.081,"The State Department has launched its new travel advisory system, announced last month, which ranks countries into‚Ä¶ https://t.co/nOHGnOKa8b",44
244,-0.3612,Wed Jan 10 21:24:44 +0000 2018,CNN,0.135,0.865,0.0,"Here are some of the times President Trump has called the Russia probe a ""witch hunt"" https://t.co/1FkZ2Z58xH https://t.co/WRQA7NYX3R",45
245,-0.1027,Wed Jan 10 21:13:42 +0000 2018,CNN,0.291,0.472,0.236,A new customer lawsuit alleges Ford rigged certain Super Duty diesel pickups to cheat on emissions tests‚Ä¶ https://t.co/J85YRwhP8z,46
246,0.5994,Wed Jan 10 20:58:14 +0000 2018,CNN,0.0,0.776,0.224,"""We'll see what happens"": President Trump dodges on the prospect of an interview with special counsel Robert Muelle‚Ä¶ https://t.co/ivlPbzDtQB",47
247,-0.5106,Wed Jan 10 20:53:37 +0000 2018,CNN,0.193,0.807,0.0,"""There has been no collusion between the Trump campaign and Russians. ... It's a Democrat hoax that was brought up‚Ä¶ https://t.co/tD0oiHH41T",48
248,-0.765,Wed Jan 10 20:46:02 +0000 2018,CNN,0.231,0.769,0.0,"""I still have pain every day, all day"": Sen. Rand Paul says he felt ""the pain of 1,000 knives"" for weeks after the‚Ä¶ https://t.co/F05WM7q49t",49
249,0.0,Wed Jan 10 20:39:06 +0000 2018,CNN,0.0,1.0,0.0,The IRS needs more money to implement the new tax law https://t.co/641ONqbIeA https://t.co/oRajnIY85L,50
250,0.2732,Wed Jan 10 20:33:03 +0000 2018,CNN,0.0,0.884,0.116,"The Trump administration has eliminated or replaced references to climate change, renewable energy and similar topi‚Ä¶ https://t.co/xyarlNK3dY",51
251,0.0,Wed Jan 10 20:33:02 +0000 2018,CNN,0.0,1.0,0.0,"""Would you be willing to sign an immigration deal that ultimately does not include funding for the border wall?""

U‚Ä¶ https://t.co/gzUiduDKXD",52
252,0.4019,Wed Jan 10 20:25:06 +0000 2018,CNN,0.0,0.881,0.119,Luciana Vega is an 11-year-old Chilean-American girl who dreams of being the first person to walk on Mars. And she'‚Ä¶ https://t.co/dcNLCA1AgV,53
253,0.7096,Wed Jan 10 20:24:50 +0000 2018,CNN,0.0,0.711,0.289,President Trump says the economic ties between the US and Norway are robust and growing: ‚ÄúThe United States current‚Ä¶ https://t.co/YT4tDzt9lo,54
254,0.0,Wed Jan 10 20:16:05 +0000 2018,CNN,0.0,1.0,0.0,President Trump speaks and takes questions alongside Norway's prime minister. Watch CNN: https://t.co/UYpqI3w42L https://t.co/LHV9nwd9d9,55
255,0.0,Wed Jan 10 20:15:54 +0000 2018,CNN,0.0,1.0,0.0,A Republican Kansas lawmaker has stepped down from a leadership position after he said African-Americans were more‚Ä¶ https://t.co/LdfNLS76GQ,56
256,0.0,Wed Jan 10 20:10:03 +0000 2018,CNN,0.0,1.0,0.0,"By 2040, Islam could be the second-largest religion in the US https://t.co/Z72ey7IShu https://t.co/tLk0dJ3bVt",57
257,0.0,Wed Jan 10 20:05:04 +0000 2018,CNN,0.0,1.0,0.0,Immigration enforcement officers swoop in on dozens of 7-Eleven stores around the US https://t.co/BLNzXa8ghN https://t.co/7PG2SkEC3z,58
258,0.0,Wed Jan 10 20:00:23 +0000 2018,CNN,0.0,1.0,0.0,The White House has corrected the transcript of the President's immigration meeting with Republican and Democratic‚Ä¶ https://t.co/ojwKYxYMHP,59
259,-0.1695,Wed Jan 10 19:55:07 +0000 2018,CNN,0.074,0.926,0.0,The US will not be prepared to defend against possible Russian meddling in the 2018 midterm elections or the 2020 p‚Ä¶ https://t.co/oRu9gZQlPh,60
260,-0.5106,Wed Jan 10 19:45:13 +0000 2018,CNN,0.148,0.852,0.0,"""This f------ idiot is the president. It's The Emperor's New Clothes -- the guy is a f------ fool... our baby-in-ch‚Ä¶ https://t.co/mY2u301jTn",61
261,0.0,Wed Jan 10 19:39:13 +0000 2018,CNN,0.0,1.0,0.0,The closure of a coal mine near the Pennsylvania-West Virginia border will wipe out many of President Trump's coal‚Ä¶ https://t.co/TaOqDq66zP,62
262,0.0,Wed Jan 10 19:36:07 +0000 2018,CNN,0.0,1.0,0.0,What's sending mysterious repeating fast radio bursts in space? https://t.co/ugPzwHcep5 https://t.co/J2pQn4jglT,63
263,0.0,Wed Jan 10 19:35:06 +0000 2018,CNN,0.0,1.0,0.0,"Toyota and Mazda are planning to build a $1.6 billion auto assembly plant in Alabama that will employ 4,000 workers‚Ä¶ https://t.co/c74OQeyrAQ",64
264,-0.5574,Wed Jan 10 19:25:10 +0000 2018,CNN,0.167,0.833,0.0,The Trump administration is pointing to a recent uptick in illegal border crossings as evidence that it needs more‚Ä¶ https://t.co/kWVjJW4G1u,65
265,-0.7573,Wed Jan 10 19:15:10 +0000 2018,CNN,0.407,0.593,0.0,Here's why California's mudslides are so devastating https://t.co/oz0oD4jVSP https://t.co/QXYo6hrXUJ,66
266,-0.0516,Wed Jan 10 19:05:06 +0000 2018,CNN,0.079,0.854,0.067,Japanese astronaut says sorry after claiming he grew 3.5 inches aboard the International Space Station‚Ä¶ https://t.co/DqMsPMAiI4,67
267,0.4019,Wed Jan 10 18:55:04 +0000 2018,CNN,0.0,0.803,0.197,Here are three ways tax reform will hit home values https://t.co/q0woG9xz3G https://t.co/Vwzs8VXtVM,68
268,0.0772,Wed Jan 10 18:45:13 +0000 2018,CNN,0.0,0.909,0.091,GOP House investigators want James Comey to testify on Clinton email investigation https://t.co/OUQbFjrwE0 https://t.co/gvXBBBkLm4,69
269,-0.3818,Wed Jan 10 18:35:08 +0000 2018,CNN,0.126,0.874,0.0,Days after the Trump administration opened the possibility of offshore oil and gas drilling in long restricted area‚Ä¶ https://t.co/Qp1j9G1ZSx,70
270,0.0,Wed Jan 10 18:25:40 +0000 2018,CNN,0.0,1.0,0.0,"President Trump to African-American voters: Remember, I said ""what do you have to lose?"" https://t.co/qVRUOJ16Vb https://t.co/3aEbKNpLIC",71
271,-0.6597,Wed Jan 10 18:15:07 +0000 2018,CNN,0.227,0.773,0.0,"There's a heat wave in Australia and it's killing thousands of large bats, called flying foxes‚Ä¶ https://t.co/KfpNVN9ox4",72
272,0.0,Wed Jan 10 18:05:03 +0000 2018,CNN,0.0,1.0,0.0,"Actress Michelle Williams reportedly was paid less than 1% of Mark Wahlberg's paycheck for reshoots of their film,‚Ä¶ https://t.co/LJlBBFB86s",73
273,0.0,Wed Jan 10 17:55:09 +0000 2018,CNN,0.0,1.0,0.0,"President Trump is set to take questions later today alongside the prime minister of Norway, a key NATO ally that s‚Ä¶ https://t.co/IlNgjPmiA3",74
274,0.0,Wed Jan 10 17:45:12 +0000 2018,CNN,0.0,1.0,0.0,5 questions for President Trump today | Analysis by @CillizzaCNN https://t.co/FAcDChGTPZ https://t.co/uXFieytRKO,75
275,0.0,Wed Jan 10 17:44:47 +0000 2018,CNN,0.0,1.0,0.0,RT @CNNPolitics: President Trump lauds his administration's 2017 accomplishments during a meeting with his Cabinet members at the White Hou‚Ä¶,76
276,-0.4588,Wed Jan 10 17:36:42 +0000 2018,CNN,0.2,0.8,0.0,This teacher stood up at a school board meeting to criticize a superintendent's pay raise. Then she was handcuffed.‚Ä¶ https://t.co/QBfu0MqQUt,77
277,-0.2732,Wed Jan 10 17:28:42 +0000 2018,CNN,0.11,0.89,0.0,"Prosecutors in Myanmar have sought charges under its Official Secrets Act against two Reuters reporters, which coul‚Ä¶ https://t.co/tbdoFCOWFQ",78
278,-0.3818,Wed Jan 10 17:12:06 +0000 2018,CNN,0.133,0.867,0.0,The Trump administration is ending TPS for thousands. Tell CNN how losing this protection from deportation affects‚Ä¶ https://t.co/BmHvSjRfvH,79
279,0.296,Wed Jan 10 17:00:27 +0000 2018,CNN,0.0,0.864,0.136,Use iCloud in China? Prepare to share your data with a state-run Chinese company https://t.co/i0jHGUl9Qh https://t.co/5BF3teZvln,80
280,-0.34,Wed Jan 10 16:50:09 +0000 2018,CNN,0.15,0.778,0.072,"95 million people are still out of the workforce, and it's still a misleading number https://t.co/vI7VPLRLp0 https://t.co/EjfcGFD35E",81
281,-0.3612,Wed Jan 10 16:40:07 +0000 2018,CNN,0.167,0.722,0.11,"""We need to show everybody that we're better than this horrific event ‚Äî that we can move forward"": The survivors of‚Ä¶ https://t.co/CtCUMkTbi0",82
282,0.0,Wed Jan 10 16:31:44 +0000 2018,CNN,0.0,1.0,0.0,Tourists had to be airlifted out of this ski resort after heavy snowfall in Switzerland https://t.co/6zrAcsKuqa https://t.co/SKQ7obOSUu,83
283,0.0,Wed Jan 10 16:20:56 +0000 2018,CNN,0.0,1.0,0.0,"JUST IN: California Republican Rep. Darrell Issa announces he will retire at the end of his term, handing Democrats‚Ä¶ https://t.co/TgVx5IXKCm",84
284,0.0,Wed Jan 10 16:20:08 +0000 2018,CNN,0.0,1.0,0.0,"President Trump is holding a Cabinet meeting, and a press conference with the prime minister of Norway after a day‚Ä¶ https://t.co/z9cZiHrsmX",85
285,-0.0516,Wed Jan 10 16:10:05 +0000 2018,CNN,0.057,0.943,0.0,White House aides have been told to decide before the end of January whether they intend to leave the administratio‚Ä¶ https://t.co/dM5P6H3JyA,86
286,0.128,Wed Jan 10 16:00:07 +0000 2018,CNN,0.093,0.793,0.115,"Two musicians have cut business ties with H&amp;M after the fashion retailer used a young black model to promote a ""coo‚Ä¶ https://t.co/FTk3K01dxh",87
287,-0.5106,Wed Jan 10 15:54:07 +0000 2018,CNN,0.148,0.852,0.0,"""This f------ idiot is the president. It's The Emperor's New Clothes -- the guy is a f------ fool... our baby-in-ch‚Ä¶ https://t.co/z9v1eWjLXv",88
288,0.2716,Wed Jan 10 15:44:22 +0000 2018,CNN,0.0,0.861,0.139,The single most important line from President Trump's Tuesday talk-a-thon | Analysis by @CillizzaCNN‚Ä¶ https://t.co/T0TBywSQET,89
289,0.0,Wed Jan 10 15:33:11 +0000 2018,CNN,0.0,1.0,0.0,A Republican Kansas lawmaker has stepped down from a leadership position after he said African-Americans were more‚Ä¶ https://t.co/7k5FqeMyfH,90
290,0.3612,Wed Jan 10 15:23:01 +0000 2018,CNN,0.0,0.828,0.172,"Sheriff Joe Arpaio on DACA: If President Trump supports it, I will https://t.co/3nLHRBvLeB https://t.co/6Ed2sx1PC2",91
291,0.6808,Wed Jan 10 15:11:24 +0000 2018,CNN,0.0,0.728,0.272,This is what the what PyeongChang 2018 Winter Olympics medal table will look like without Russia https://t.co/5iPxtg7XJc,92
292,-0.1561,Wed Jan 10 14:52:04 +0000 2018,CNN,0.123,0.785,0.093,"Steve Bannon and the never Trumpers should stop fighting -- and back the President, @carriesheffield writes for‚Ä¶ https://t.co/sog3dlSIRv",93
293,-0.3612,Wed Jan 10 14:46:02 +0000 2018,CNN,0.106,0.894,0.0,"RT @CNNnewsroom: ""I think a wall, as the President has described it at times, is actually ridiculous"" says Sen. Tammy Baldwin while stressi‚Ä¶",94
294,0.0,Wed Jan 10 14:42:17 +0000 2018,CNN,0.0,1.0,0.0,"Facebook is shutting down M, an automated personal assistant once thought to be a text-based answer to services lik‚Ä¶ https://t.co/9Qeof6Xbii",95
295,0.0,Wed Jan 10 14:30:50 +0000 2018,CNN,0.0,1.0,0.0,"Steve Bannon, former chief strategist to President Trump, has stepped down from Breitbart, the far-right website he‚Ä¶ https://t.co/ICg4qbIjDE",96
296,0.5106,Wed Jan 10 14:15:06 +0000 2018,CNN,0.0,0.864,0.136,"Part of an oil tanker that has been ablaze for days off the coast of Shanghai exploded Wednesday, forcing rescue bo‚Ä¶ https://t.co/FiB3jaKPsj",97
297,0.296,Wed Jan 10 14:08:36 +0000 2018,CNN,0.0,0.885,0.115,President Trump signed a measure creating a new national historic park for Martin Luther King Jr. during a trip to‚Ä¶ https://t.co/MfeLwmdZEW,98
298,-0.1695,Wed Jan 10 13:45:05 +0000 2018,CNN,0.074,0.926,0.0,The US will not be prepared to defend against possible Russian meddling in the 2018 midterm elections or the 2020 p‚Ä¶ https://t.co/85g7V1hAgy,99
299,-0.4215,Wed Jan 10 13:35:11 +0000 2018,CNN,0.237,0.763,0.0,These images show the mudslide devastation in California https://t.co/f12hBFnhGk https://t.co/6VlvJn5Oo2,100
300,0.5707,Wed Jan 10 22:29:33 +0000 2018,Fox,0.113,0.649,0.239,"@agisilaosts Thank you! We try our best to be 100% transparent. We all have been rejected many times, so we underst‚Ä¶ https://t.co/YEg1BLgFuQ",1
301,0.6239,Wed Jan 10 22:27:01 +0000 2018,Fox,0.0,0.83,0.17,"RT @alicegoldfuss: Donut.js puts on an amazing meetup every month, complete with snacks and captioning services. You should sponsor them! h‚Ä¶",2
302,0.3664,Wed Jan 10 22:26:51 +0000 2018,Fox,0.13,0.65,0.22,@mattconvente YES! Why hear the same talks over and over? I just‚Ä¶ no words.,3
303,0.2263,Wed Jan 10 22:25:12 +0000 2018,Fox,0.126,0.672,0.202,"@agisilaosts Yeah, it‚Äôs saddening. We have a good amount of first timers at our events due to anonymous selection p‚Ä¶ https://t.co/80civWoLXe",4
304,0.3182,Wed Jan 10 22:24:31 +0000 2018,Fox,0.0,0.796,0.204,"When conferences keep inviting the same ‚Äúwell known‚Äù speakers. ‚Üì

https://t.co/SpQoOHsLrl",5
305,-0.296,Wed Jan 10 22:23:18 +0000 2018,Fox,0.246,0.597,0.157,@agisilaosts I can sympathise with that. I often get rejected as well.,6
306,0.5859,Wed Jan 10 22:15:39 +0000 2018,Fox,0.0,0.814,0.186,I feel like my new hobby in 2018 will be calling out conferences for inviting the same people over and over and spe‚Ä¶ https://t.co/dXDJEyd6cd,7
307,0.0,Wed Jan 10 22:05:41 +0000 2018,Fox,0.0,1.0,0.0,"RT @unsplash: Some afternoon reading ‚òïÔ∏è
feat. @fox
https://t.co/wVuQcTKfJS https://t.co/JlSWPQtMpn",8
308,0.0,Wed Jan 10 06:15:52 +0000 2018,Fox,0.0,1.0,0.0,"RT @kf: this is peak portland

also lolsob, wonder how the @portland_state CS department feels about this https://t.co/D4ja7Jinn7",9
309,0.6705,Wed Jan 10 04:55:31 +0000 2018,Fox,0.0,0.476,0.524,"@MelissaKaulfuss @PranatiVyas haahahahhahahahahaha

oh dear

too good.",10
310,-0.6808,Wed Jan 10 02:04:05 +0000 2018,Fox,0.365,0.635,0.0,"What in the living hell is this, @Portland_State? https://t.co/EjMwZxTPmW",11
311,-0.6808,Wed Jan 10 02:01:21 +0000 2018,Fox,0.337,0.663,0.0,"@kf @Portland_State what the fuck

I had mr peter blocked, so that‚Äôs telling too.",12
312,0.0,Wed Jan 10 00:55:37 +0000 2018,Fox,0.0,1.0,0.0,RT @msdanifernandez: You cannot call yourself a feminist if you do not believe women simply because they are coming forward about your frie‚Ä¶,13
313,0.0,Wed Jan 10 00:55:27 +0000 2018,Fox,0.0,1.0,0.0,"RT @thalestral: Boys can be feminine
Girls can be feminine
Trans boys can be feminine
Trans girls can be feminine
Trans folk can be feminin‚Ä¶",14
314,-0.3412,Wed Jan 10 00:15:18 +0000 2018,Fox,0.099,0.901,0.0,RT @EricaJoy: Tech peeps: Be aware that some of your coworkers that don't come from privileged backgrounds are making much more than their‚Ä¶,15
315,0.0,Wed Jan 10 00:12:51 +0000 2018,Fox,0.0,1.0,0.0,Organisations and individuals working on inclusion without an understanding of institutional inequality and structu‚Ä¶ https://t.co/6e3ON45BiQ,16
316,0.4199,Tue Jan 09 23:51:09 +0000 2018,Fox,0.0,0.417,0.583,@unsplash thank you! ü§ó,17
317,-0.7941,Tue Jan 09 22:38:08 +0000 2018,Fox,0.285,0.632,0.083,RT @HonestToddler: How come people who don‚Äôt believe in racism always believe in reverse racism? How does that work? That‚Äôs like believing‚Ä¶,18
318,0.0,Tue Jan 09 22:35:08 +0000 2018,Fox,0.0,1.0,0.0,"The tech industry‚Äîbecoming more and more of a sexist parody of itself, every day! https://t.co/6c8KrCRM1K",19
319,0.7783,Tue Jan 09 22:25:18 +0000 2018,Fox,0.0,0.784,0.216,"So @intercom released a new book which I‚Äôm going to inhale promptly, but the best thing about it is that they encou‚Ä¶ https://t.co/3CmsTlW8cu",20
320,0.5707,Wed Jan 10 22:29:33 +0000 2018,Fox,0.113,0.649,0.239,"@agisilaosts Thank you! We try our best to be 100% transparent. We all have been rejected many times, so we underst‚Ä¶ https://t.co/YEg1BLgFuQ",21
321,0.6239,Wed Jan 10 22:27:01 +0000 2018,Fox,0.0,0.83,0.17,"RT @alicegoldfuss: Donut.js puts on an amazing meetup every month, complete with snacks and captioning services. You should sponsor them! h‚Ä¶",22
322,0.3664,Wed Jan 10 22:26:51 +0000 2018,Fox,0.13,0.65,0.22,@mattconvente YES! Why hear the same talks over and over? I just‚Ä¶ no words.,23
323,0.2263,Wed Jan 10 22:25:12 +0000 2018,Fox,0.126,0.672,0.202,"@agisilaosts Yeah, it‚Äôs saddening. We have a good amount of first timers at our events due to anonymous selection p‚Ä¶ https://t.co/80civWoLXe",24
324,0.3182,Wed Jan 10 22:24:31 +0000 2018,Fox,0.0,0.796,0.204,"When conferences keep inviting the same ‚Äúwell known‚Äù speakers. ‚Üì

https://t.co/SpQoOHsLrl",25
325,-0.296,Wed Jan 10 22:23:18 +0000 2018,Fox,0.246,0.597,0.157,@agisilaosts I can sympathise with that. I often get rejected as well.,26
326,0.5859,Wed Jan 10 22:15:39 +0000 2018,Fox,0.0,0.814,0.186,I feel like my new hobby in 2018 will be calling out conferences for inviting the same people over and over and spe‚Ä¶ https://t.co/dXDJEyd6cd,27
327,0.0,Wed Jan 10 22:05:41 +0000 2018,Fox,0.0,1.0,0.0,"RT @unsplash: Some afternoon reading ‚òïÔ∏è
feat. @fox
https://t.co/wVuQcTKfJS https://t.co/JlSWPQtMpn",28
328,0.0,Wed Jan 10 06:15:52 +0000 2018,Fox,0.0,1.0,0.0,"RT @kf: this is peak portland

also lolsob, wonder how the @portland_state CS department feels about this https://t.co/D4ja7Jinn7",29
329,0.6705,Wed Jan 10 04:55:31 +0000 2018,Fox,0.0,0.476,0.524,"@MelissaKaulfuss @PranatiVyas haahahahhahahahahaha

oh dear

too good.",30
330,-0.6808,Wed Jan 10 02:04:05 +0000 2018,Fox,0.365,0.635,0.0,"What in the living hell is this, @Portland_State? https://t.co/EjMwZxTPmW",31
331,-0.6808,Wed Jan 10 02:01:21 +0000 2018,Fox,0.337,0.663,0.0,"@kf @Portland_State what the fuck

I had mr peter blocked, so that‚Äôs telling too.",32
332,0.0,Wed Jan 10 00:55:37 +0000 2018,Fox,0.0,1.0,0.0,RT @msdanifernandez: You cannot call yourself a feminist if you do not believe women simply because they are coming forward about your frie‚Ä¶,33
333,0.0,Wed Jan 10 00:55:27 +0000 2018,Fox,0.0,1.0,0.0,"RT @thalestral: Boys can be feminine
Girls can be feminine
Trans boys can be feminine
Trans girls can be feminine
Trans folk can be feminin‚Ä¶",34
334,-0.3412,Wed Jan 10 00:15:18 +0000 2018,Fox,0.099,0.901,0.0,RT @EricaJoy: Tech peeps: Be aware that some of your coworkers that don't come from privileged backgrounds are making much more than their‚Ä¶,35
335,0.0,Wed Jan 10 00:12:51 +0000 2018,Fox,0.0,1.0,0.0,Organisations and individuals working on inclusion without an understanding of institutional inequality and structu‚Ä¶ https://t.co/6e3ON45BiQ,36
336,0.4199,Tue Jan 09 23:51:09 +0000 2018,Fox,0.0,0.417,0.583,@unsplash thank you! ü§ó,37
337,-0.7941,Tue Jan 09 22:38:08 +0000 2018,Fox,0.285,0.632,0.083,RT @HonestToddler: How come people who don‚Äôt believe in racism always believe in reverse racism? How does that work? That‚Äôs like believing‚Ä¶,38
338,0.0,Tue Jan 09 22:35:08 +0000 2018,Fox,0.0,1.0,0.0,"The tech industry‚Äîbecoming more and more of a sexist parody of itself, every day! https://t.co/6c8KrCRM1K",39
339,0.7783,Tue Jan 09 22:25:18 +0000 2018,Fox,0.0,0.784,0.216,"So @intercom released a new book which I‚Äôm going to inhale promptly, but the best thing about it is that they encou‚Ä¶ https://t.co/3CmsTlW8cu",40
340,0.0,Tue Jan 09 22:07:14 +0000 2018,Fox,0.0,1.0,0.0,RT @AngelaHanks: *chef‚Äôs kiss* https://t.co/E5HCwsoibJ,41
341,0.8268,Tue Jan 09 22:04:40 +0000 2018,Fox,0.0,0.342,0.658,Excellent work by wonderful people! https://t.co/5h7GvIaAQx,42
342,0.0,Tue Jan 09 20:34:18 +0000 2018,Fox,0.0,1.0,0.0,@justkelly_ok ü§ó,43
343,0.0,Tue Jan 09 12:07:03 +0000 2018,Fox,0.0,1.0,0.0,@silvianatoader üëèüèª,44
344,0.4199,Tue Jan 09 12:06:48 +0000 2018,Fox,0.0,0.417,0.583,@web_goddess Thank you! üåª,45
345,0.0,Tue Jan 09 12:04:48 +0000 2018,Fox,0.0,1.0,0.0,"RT @unsplash: Minimal Interior
feat. @fox
https://t.co/wVuQcTKfJS https://t.co/N0LXzFbugy",46
346,0.3455,Tue Jan 09 10:43:14 +0000 2018,Fox,0.042,0.86,0.098,RT @sarahmei: Blows my mind that there are still people in the world who don't understand basic stuff like: your intentions don't matter. I‚Ä¶,47
347,0.2023,Tue Jan 09 08:40:20 +0000 2018,Fox,0.0,0.795,0.205,Just a casual first two days on @unsplash. üôà https://t.co/YPf9gwAUvo,48
348,0.0,Tue Jan 09 02:47:05 +0000 2018,Fox,0.0,1.0,0.0,"HAHAHAHAHAHAHAA

discrimination of white males

HAHHAHAHAHAHAHAH

that‚Äôs all I have to say.

https://t.co/TyyEfcSRiU",49
349,-0.4391,Tue Jan 09 01:22:49 +0000 2018,Fox,0.132,0.868,0.0,"I really dislike that seemingly the only way to catch up with people is coffee or, more predominantly, booze. This‚Ä¶ https://t.co/OWcuqPG6Sm",50
350,0.0,Tue Jan 09 01:12:42 +0000 2018,Fox,0.0,1.0,0.0,"@lynnandtonic Never read the comments, especially from white men.",51
351,0.6369,Mon Jan 08 22:00:37 +0000 2018,Fox,0.0,0.724,0.276,@ohhoe best headphones I‚Äôve ever owned after actually expensive on-ears. they‚Äôre magical.,52
352,0.128,Mon Jan 08 21:49:19 +0000 2018,Fox,0.0,0.923,0.077,"Same sex marriage is legal in Australia, which means you have to fix your exclusionary forms. (ht @developerjack)

https://t.co/SCN53u7cEG",53
353,0.765,Mon Jan 08 21:47:08 +0000 2018,Fox,0.0,0.752,0.248,"I‚Äôve spoken at @nordicjs in 2017, and as a fellow organiser, I can easily say it‚Äôs one of the best events out there‚Ä¶ https://t.co/PoI0fSbmZs",54
354,0.0,Mon Jan 08 11:00:58 +0000 2018,Fox,0.0,1.0,0.0,"@mountain_ghosts A bunch of repos on Github and random tweets, mostly.",55
355,0.7003,Mon Jan 08 10:20:35 +0000 2018,Fox,0.0,0.755,0.245,"RT @jesslynnrose: Want to share your ideas with the world?

I'm running a free webinar series on public speaking, aimed at getting you on s‚Ä¶",56
356,-0.3818,Mon Jan 08 09:52:20 +0000 2018,Fox,0.181,0.708,0.111,"üî•

‚ÄúWhite privilege is an absence of cultural expectations, an absence of violence enacted on your ancestors becaus‚Ä¶ https://t.co/kJKIJNWWHz",57
357,0.1531,Mon Jan 08 09:41:04 +0000 2018,Fox,0.0,0.929,0.071,"‚ÄúWe placate ourselves with the fallacy of meritocracy by insisting that we just don‚Äôt see race.

To claim to not se‚Ä¶ https://t.co/L54TTWldnG",58
358,0.0,Mon Jan 08 07:22:13 +0000 2018,Fox,0.0,1.0,0.0,"Squad goals‚ÄîNatalie Portman.

https://t.co/TQH3F728SJ",59
359,0.296,Mon Jan 08 05:11:05 +0000 2018,Fox,0.0,0.901,0.099,"@web_goddess Yep, the cost depends on the amount of tickets. We also have to find people to cover childcare + live‚Ä¶ https://t.co/xVm6lpxQBg",60
360,0.3182,Mon Jan 08 05:08:00 +0000 2018,Fox,0.0,0.909,0.091,"‚ÄúFor too long women have not been heard or believed if they dared to speak the truth to power. 

The time of brutal‚Ä¶ https://t.co/Zjh4q1rKZq",61
361,0.802,Mon Jan 08 05:04:22 +0000 2018,Fox,0.0,0.455,0.545,@butwhoiskat Email is best :) hi at thefox.is.,62
362,0.0,Sun Jan 07 23:36:57 +0000 2018,Fox,0.0,1.0,0.0,@callmevlad What I mean is that organisations don‚Äôt recognise community work as ‚Äúvaluable experience‚Äù outside of re‚Ä¶ https://t.co/1ATdscBocn,63
363,-0.296,Sun Jan 07 23:17:28 +0000 2018,Fox,0.524,0.476,0.0,STOP WHITEWASHING DIVERSITY.,64
364,0.636,Sun Jan 07 23:17:08 +0000 2018,Fox,0.0,0.193,0.807,@MylesBorins congratulations! üéâ,65
365,-0.6478,Sun Jan 07 23:15:04 +0000 2018,Fox,0.237,0.763,0.0,"What really annoys me is no companies recognising community work while here I am doing product, sales, design, deve‚Ä¶ https://t.co/47OqLDUqux",66
366,-0.5707,Sun Jan 07 23:06:14 +0000 2018,Fox,0.61,0.39,0.0,"@maybekatz no bras, no masters!",67
367,0.5267,Sun Jan 07 22:06:10 +0000 2018,Fox,0.066,0.708,0.226,"@web_goddess Yep, there‚Äôs nothing here for senior staff. I wouldn‚Äôt look for opportunities in Australia. The pay is‚Ä¶ https://t.co/VD7wDv6qzf",68
368,-0.2862,Sun Jan 07 21:27:38 +0000 2018,Fox,0.153,0.745,0.102,"It‚Äôs deeply saddening to see very little to zero commitment to progressing the tech industry, especially from tech giants.",69
369,0.6486,Sun Jan 07 21:23:06 +0000 2018,Fox,0.0,0.762,0.238,To make it clear: the support for JSConf and CSSConf Australia diversity programs comes from a few smaller Australi‚Ä¶ https://t.co/P4oOemtIJL,70
370,0.0,Sun Jan 07 06:04:08 +0000 2018,Fox,0.0,1.0,0.0,I‚Äôve spent a little bit of time with my photo backlog today and decided to publish a few selected shots to‚Ä¶ https://t.co/Erhjfvffzs,71
371,0.8122,Sun Jan 07 04:16:20 +0000 2018,Fox,0.0,0.682,0.318,"@unsplash üôáüèª‚Äç‚ôÄÔ∏è That makes sense, thank you! 

Probably good idea to add it somewhere to the help section as I coul‚Ä¶ https://t.co/wWyZEK5Lew",72
372,0.0,Sun Jan 07 04:10:19 +0000 2018,Fox,0.0,1.0,0.0,"RT @LilyEvansMFC: Why some women are ""rude"" or ""cold"" or ""standoffish"" to men in public: a thread",73
373,0.4754,Sun Jan 07 03:59:03 +0000 2018,Fox,0.116,0.655,0.229,"RT @veryann0yed: Reasons to hit the gym that aren‚Äôt patriarchal beauty standards:
- outrun the cops
- outlive ur enemies
- more stamina for‚Ä¶",74
374,0.0772,Sun Jan 07 01:41:59 +0000 2018,Fox,0.195,0.642,0.163,"@unsplash üëã are uploads limited in quantity? I can find the limit in the UI, but no help articles.",75
375,0.6369,Sat Jan 06 22:42:50 +0000 2018,Fox,0.0,0.826,0.174,@EmilyGorcenski This reminds me of the best sign I‚Äôve seen at a pharmacy in Australia. Must be in the men‚Äôs section. https://t.co/VdKV6HXbIL,76
376,0.0,Sat Jan 06 22:29:07 +0000 2018,Fox,0.0,1.0,0.0,Went to see Jungle for the second time yesterday. First row. üòç (iPhone X) https://t.co/wTD2cq8JJQ,77
377,0.0,Sat Jan 06 22:24:27 +0000 2018,Fox,0.0,1.0,0.0,@anubhamane üëèüèª,78
378,0.0,Sat Jan 06 22:24:22 +0000 2018,Fox,0.0,1.0,0.0,"RT @anubhamane: Followong the tips given by @fox , this time I didn't copy but myself wrote code of conduct for an upcoming Python event. T‚Ä¶",79
379,-0.8957,Fri Jan 05 23:47:14 +0000 2018,Fox,0.448,0.458,0.095,"Finally @jack confirms that ‚Äúworld leaders‚Äù can freely incite violence, harass and abuse on Twitter because no rule‚Ä¶ https://t.co/Vp8OS6igOO",80
380,0.0,Fri Jan 05 21:43:52 +0000 2018,Fox,0.0,1.0,0.0,@Shpigford Doesn‚Äôt have cables would probably yield millions too.,81
381,0.6808,Fri Jan 05 21:43:06 +0000 2018,Fox,0.049,0.704,0.246,"RT @frameshiftllc: Ask me about giving this talk at your tech company, on how it can implement the Paradox of Tolerance while valuing free‚Ä¶",82
382,0.0,Fri Jan 05 21:42:45 +0000 2018,Fox,0.0,1.0,0.0,@waferbaby Dan you should know how to Australia properly,83
383,0.0,Fri Jan 05 21:41:49 +0000 2018,Fox,0.0,1.0,0.0,RT @mspowahs: Pictured: the difference between diversity and inclusion https://t.co/7lNrn04mhC,84
384,0.0,Fri Jan 05 20:34:32 +0000 2018,Fox,0.0,1.0,0.0,RT @mspowahs: trans femgineer culture is having to email the organizers of all the WOMEN WHO ______ events to specifically verify trans inc‚Ä¶,85
385,0.4588,Fri Jan 05 20:25:36 +0000 2018,Fox,0.0,0.824,0.176,@bitandbang üëãüèª I‚Äôve seen it around. I‚Äôll have a look once be CFP is out. :),86
386,0.8399,Fri Jan 05 20:24:49 +0000 2018,Fox,0.0,0.667,0.333,@lsmith The changes were dropped. I‚Äôm happy with it as I have very supportive patrons. It‚Äôs nice to have some rewar‚Ä¶ https://t.co/aYtblwqCDG,87
387,0.0,Fri Jan 05 09:44:04 +0000 2018,Fox,0.0,1.0,0.0,@lsmith not yet.,88
388,0.4019,Fri Jan 05 05:56:56 +0000 2018,Fox,0.0,0.886,0.114,"@Asher_Wolf do you maybe know any orgs who would help or could you aid in spreading the word to Aussies? üôèüèª 

https://t.co/vbGV6k7BOw",89
389,0.8705,Fri Jan 05 05:15:16 +0000 2018,Fox,0.0,0.659,0.341,"We‚Äôre able to welcome ~25 people at this moment, but would love to extend an invitation to all of the participants.‚Ä¶ https://t.co/exEBivbYdG",90
390,0.4574,Fri Jan 05 05:09:23 +0000 2018,Fox,0.0,0.87,0.13,If you know or run a company in Australia (or anywhere!) that could help us send 62 people from underrepresented gr‚Ä¶ https://t.co/PP59RvFvfR,91
391,0.4939,Fri Jan 05 05:02:08 +0000 2018,Fox,0.0,0.833,0.167,"If you want to have a real impact and lives of underrepresented groups, here‚Äôs a good way to do it. DM or email. (t‚Ä¶ https://t.co/IRKxHrlsFw",92
392,0.4767,Fri Jan 05 03:17:43 +0000 2018,Fox,0.0,0.838,0.162,"Hi friends üëãüèª I‚Äôm looking to give a few talks about web performance, front-end and industry culture/ethics/inclusio‚Ä¶ https://t.co/a4lsrCTiGO",93
393,0.5081,Fri Jan 05 02:40:13 +0000 2018,Fox,0.0,0.838,0.162,"@TrentWalton Ohhh, that‚Äôs really interesting to me! 

That‚Äôs exactly why we‚Äôve built in JavaScript timing metrics i‚Ä¶ https://t.co/zhtFl9mKTy",94
394,0.25,Fri Jan 05 02:33:30 +0000 2018,Fox,0.0,0.895,0.105,üåç We‚Äôve just released 12 new regions for testing performance in @calibreapp so you can implement a comprehensive pe‚Ä¶ https://t.co/Y9fOukXkix,95
395,0.6705,Fri Jan 05 00:27:18 +0000 2018,Fox,0.0,0.792,0.208,"RT @jesslynnrose: Do your resolutions include getting up on stage to share your ideas with the world?

I'm running a series of 4 free webin‚Ä¶",96
396,0.3875,Fri Jan 05 00:10:05 +0000 2018,Fox,0.0,0.873,0.127,"Hey @BelugaCDN, you know it‚Äôs not on to steal copyrighted photography for your marketing, right? Take this down.

https://t.co/iXrSUB6ke1",97
397,0.4019,Fri Jan 05 00:02:19 +0000 2018,Fox,0.0,0.886,0.114,Published an interesting article or a talk about web performance within the last month? Hit me up so I can put it i‚Ä¶ https://t.co/l6sgN6RuKb,98
398,0.4939,Thu Jan 04 23:26:27 +0000 2018,Fox,0.0,0.833,0.167,"RT @compassioncode: What exactly is a compassionate workplace?

There's common ground here, regardless of sector.

Graphic from https://t.c‚Ä¶",99
399,0.7717,Thu Jan 04 23:01:12 +0000 2018,Fox,0.0,0.66,0.34,@sw @mbrianaepler I‚Äôm happy to follow the process. I‚Äôll apply as everyone else does. :),100
400,0.0,Thu Jan 11 00:17:06 +0000 2018,nytimes,0.0,1.0,0.0,RT @nytvideo: Scientists watched dolphins look at themselves in a mirror. Here's what they found. https://t.co/BZxEw7G5dU https://t.co/P3iM‚Ä¶,1
401,0.5267,Thu Jan 11 00:02:02 +0000 2018,nytimes,0.0,0.673,0.327,Marcella Hazan's Bolognese: an ideal cold-weather dish https://t.co/TqrGBdbEaf,2
402,0.0,Wed Jan 10 23:47:02 +0000 2018,nytimes,0.0,1.0,0.0,Evening Briefing: Here's what you need to know at the end of the day https://t.co/fdUf9gkmk2,3
403,0.2732,Wed Jan 10 23:32:06 +0000 2018,nytimes,0.052,0.855,0.093,"RT @gettleman: This is what it's like for many Nepali women when they get their period: They trudge outside, often when it's freezing at ni‚Ä¶",4
404,0.0,Wed Jan 10 23:17:02 +0000 2018,nytimes,0.0,1.0,0.0,Between 6 and 12 homeless men live in the basement of a Brooklyn bodega at any given time. The owner does not charg‚Ä¶ https://t.co/60roXZtcRz,5
405,-0.0931,Wed Jan 10 23:02:06 +0000 2018,nytimes,0.08,0.855,0.065,"""I am not sure there are rules for reporting on the homeless that don‚Äôt apply to living in general. Be careful. Be‚Ä¶ https://t.co/WwlpPb5rnk",6
406,0.2263,Wed Jan 10 22:47:04 +0000 2018,nytimes,0.0,0.899,0.101,"Opinion: ""It's worth remembering that English has a long history of adapting to cultural change. That's something w‚Ä¶ https://t.co/cefyelNUTD",7
407,-0.4939,Wed Jan 10 22:32:08 +0000 2018,nytimes,0.239,0.664,0.097,"With the Children‚Äôs Health Insurance Program running out of money, families share their fears of losing coverage https://t.co/nI6eUA4Tu7",8
408,0.0,Wed Jan 10 22:17:02 +0000 2018,nytimes,0.0,1.0,0.0,"RT @NYTHealth: R.S.V. results in more than 57,000 hospitalizations each year among children younger than 5 years old. Here's what every par‚Ä¶",9
409,0.1842,Wed Jan 10 22:02:05 +0000 2018,nytimes,0.136,0.649,0.216,"""Insistent or clumsy flirting is not a crime, nor is gallantry a chauvinist aggression."" Catherine Deneuve and doze‚Ä¶ https://t.co/lBIyxbji5i",10
410,0.0,Wed Jan 10 21:49:07 +0000 2018,nytimes,0.0,1.0,0.0,President Trump dodged a question on whether he‚Äôd speak with Robert Mueller: ‚ÄúIt seems unlikely that you‚Äôd even hav‚Ä¶ https://t.co/01nmRCwcz1,11
411,0.0,Wed Jan 10 21:40:10 +0000 2018,nytimes,0.0,1.0,0.0,"Immigration agents descended on 7-Eleven stores across the U.S., arresting 21. The Trump administration said it was‚Ä¶ https://t.co/Tw20dZQs3E",12
412,0.7589,Wed Jan 10 21:30:06 +0000 2018,nytimes,0.0,0.68,0.32,"Tonya Harding's side of the story is not about guilt or innocence. It's about respect, mitigating circumstances, ho‚Ä¶ https://t.co/PD6Sppw9B9",13
413,-0.836,Wed Jan 10 21:23:06 +0000 2018,nytimes,0.312,0.644,0.044,"Ordered the wrong ""Fire and Fury"" book? You may want to read it anyway, its Canadian author said, because it will b‚Ä¶ https://t.co/us7FSoBc6l",14
414,-0.34,Wed Jan 10 21:13:07 +0000 2018,nytimes,0.112,0.888,0.0,"Gabrielle Union, on talking about sexual assault: ""I‚Äôve been doing it for 2 decades, but there were a lot more micr‚Ä¶ https://t.co/r3kTI4Gqod",15
415,-0.875,Wed Jan 10 21:03:03 +0000 2018,nytimes,0.417,0.583,0.0,"An attempt to ban ""conversion therapy"" failed in New Hampshire. It was defeated by one vote. https://t.co/6ICQoduCG7.",16
416,0.0,Wed Jan 10 20:53:08 +0000 2018,nytimes,0.0,1.0,0.0,52 Places to Go in 2018 https://t.co/VvKsKSy3F0 https://t.co/bD9G7ZZo75,17
417,0.0,Wed Jan 10 20:49:15 +0000 2018,nytimes,0.0,1.0,0.0,RT @jwpetersNYT: It‚Äôs been four months since Irma and Maria hit the often-overlooked USVI. And they‚Äôre only now getting close to full power‚Ä¶,18
418,0.0,Wed Jan 10 20:43:05 +0000 2018,nytimes,0.0,1.0,0.0,"""There was one we asked over and over because we just could not believe the answer we kept getting.

Are you really‚Ä¶ https://t.co/7m6lcG1R8I",19
419,0.0,Wed Jan 10 20:33:04 +0000 2018,nytimes,0.0,1.0,0.0,"After the Golden Globes, several women involved in Time‚Äôs Up said they didn't know what may be in store for the Osc‚Ä¶ https://t.co/6x8QMPMe1N",20
420,0.0,Thu Jan 11 00:17:06 +0000 2018,nytimes,0.0,1.0,0.0,RT @nytvideo: Scientists watched dolphins look at themselves in a mirror. Here's what they found. https://t.co/BZxEw7G5dU https://t.co/P3iM‚Ä¶,21
421,0.5267,Thu Jan 11 00:02:02 +0000 2018,nytimes,0.0,0.673,0.327,Marcella Hazan's Bolognese: an ideal cold-weather dish https://t.co/TqrGBdbEaf,22
422,0.0,Wed Jan 10 23:47:02 +0000 2018,nytimes,0.0,1.0,0.0,Evening Briefing: Here's what you need to know at the end of the day https://t.co/fdUf9gkmk2,23
423,0.2732,Wed Jan 10 23:32:06 +0000 2018,nytimes,0.052,0.855,0.093,"RT @gettleman: This is what it's like for many Nepali women when they get their period: They trudge outside, often when it's freezing at ni‚Ä¶",24
424,0.0,Wed Jan 10 23:17:02 +0000 2018,nytimes,0.0,1.0,0.0,Between 6 and 12 homeless men live in the basement of a Brooklyn bodega at any given time. The owner does not charg‚Ä¶ https://t.co/60roXZtcRz,25
425,-0.0931,Wed Jan 10 23:02:06 +0000 2018,nytimes,0.08,0.855,0.065,"""I am not sure there are rules for reporting on the homeless that don‚Äôt apply to living in general. Be careful. Be‚Ä¶ https://t.co/WwlpPb5rnk",26
426,0.2263,Wed Jan 10 22:47:04 +0000 2018,nytimes,0.0,0.899,0.101,"Opinion: ""It's worth remembering that English has a long history of adapting to cultural change. That's something w‚Ä¶ https://t.co/cefyelNUTD",27
427,-0.4939,Wed Jan 10 22:32:08 +0000 2018,nytimes,0.239,0.664,0.097,"With the Children‚Äôs Health Insurance Program running out of money, families share their fears of losing coverage https://t.co/nI6eUA4Tu7",28
428,0.0,Wed Jan 10 22:17:02 +0000 2018,nytimes,0.0,1.0,0.0,"RT @NYTHealth: R.S.V. results in more than 57,000 hospitalizations each year among children younger than 5 years old. Here's what every par‚Ä¶",29
429,0.1842,Wed Jan 10 22:02:05 +0000 2018,nytimes,0.136,0.649,0.216,"""Insistent or clumsy flirting is not a crime, nor is gallantry a chauvinist aggression."" Catherine Deneuve and doze‚Ä¶ https://t.co/lBIyxbji5i",30
430,0.0,Wed Jan 10 21:49:07 +0000 2018,nytimes,0.0,1.0,0.0,President Trump dodged a question on whether he‚Äôd speak with Robert Mueller: ‚ÄúIt seems unlikely that you‚Äôd even hav‚Ä¶ https://t.co/01nmRCwcz1,31
431,0.0,Wed Jan 10 21:40:10 +0000 2018,nytimes,0.0,1.0,0.0,"Immigration agents descended on 7-Eleven stores across the U.S., arresting 21. The Trump administration said it was‚Ä¶ https://t.co/Tw20dZQs3E",32
432,0.7589,Wed Jan 10 21:30:06 +0000 2018,nytimes,0.0,0.68,0.32,"Tonya Harding's side of the story is not about guilt or innocence. It's about respect, mitigating circumstances, ho‚Ä¶ https://t.co/PD6Sppw9B9",33
433,-0.836,Wed Jan 10 21:23:06 +0000 2018,nytimes,0.312,0.644,0.044,"Ordered the wrong ""Fire and Fury"" book? You may want to read it anyway, its Canadian author said, because it will b‚Ä¶ https://t.co/us7FSoBc6l",34
434,-0.34,Wed Jan 10 21:13:07 +0000 2018,nytimes,0.112,0.888,0.0,"Gabrielle Union, on talking about sexual assault: ""I‚Äôve been doing it for 2 decades, but there were a lot more micr‚Ä¶ https://t.co/r3kTI4Gqod",35
435,-0.875,Wed Jan 10 21:03:03 +0000 2018,nytimes,0.417,0.583,0.0,"An attempt to ban ""conversion therapy"" failed in New Hampshire. It was defeated by one vote. https://t.co/6ICQoduCG7.",36
436,0.0,Wed Jan 10 20:53:08 +0000 2018,nytimes,0.0,1.0,0.0,52 Places to Go in 2018 https://t.co/VvKsKSy3F0 https://t.co/bD9G7ZZo75,37
437,0.0,Wed Jan 10 20:49:15 +0000 2018,nytimes,0.0,1.0,0.0,RT @jwpetersNYT: It‚Äôs been four months since Irma and Maria hit the often-overlooked USVI. And they‚Äôre only now getting close to full power‚Ä¶,38
438,0.0,Wed Jan 10 20:43:05 +0000 2018,nytimes,0.0,1.0,0.0,"""There was one we asked over and over because we just could not believe the answer we kept getting.

Are you really‚Ä¶ https://t.co/7m6lcG1R8I",39
439,0.0,Wed Jan 10 20:33:04 +0000 2018,nytimes,0.0,1.0,0.0,"After the Golden Globes, several women involved in Time‚Äôs Up said they didn't know what may be in store for the Osc‚Ä¶ https://t.co/6x8QMPMe1N",40
440,-0.7184,Wed Jan 10 20:23:02 +0000 2018,nytimes,0.462,0.538,0.0,RT @NYTHealth: You‚Äôre sick. Whose fault is that? https://t.co/TjZ3PUGO5N,41
441,0.0,Wed Jan 10 20:13:02 +0000 2018,nytimes,0.0,1.0,0.0,"RT @nytimesworld: Shariah has been applied in Thrace, a northern region of Greece, for nearly a century. Now Muslims there will have the op‚Ä¶",42
442,0.4019,Wed Jan 10 20:03:07 +0000 2018,nytimes,0.0,0.881,0.119,"It turns out dolphins recognize themselves in mirrors earlier than humans do. (And yes, we have video of them posin‚Ä¶ https://t.co/aRQipCsJ4F",43
443,-0.802,Wed Jan 10 19:56:38 +0000 2018,nytimes,0.265,0.735,0.0,"Anna Mae Hays, who was named the U.S. military's first female general after she served in 3 wars, died on Monday. S‚Ä¶ https://t.co/ba23IuxoFh",44
444,0.4215,Wed Jan 10 19:53:03 +0000 2018,nytimes,0.0,0.877,0.123,President Trump repeated a pledge to change the nation's libel laws to make it easier for people to sue news organi‚Ä¶ https://t.co/i48ow3N1sn,45
445,-0.7964,Wed Jan 10 19:43:06 +0000 2018,nytimes,0.372,0.628,0.0,"In declaring war against Hamas, ISIS's Sinai branch has surrounded itself with enemies https://t.co/Ys6KoRIwwa",46
446,0.34,Wed Jan 10 19:33:04 +0000 2018,nytimes,0.0,0.906,0.094,RT @nytvideo: ‚ÄúHe believed he was acting within the guidelines of the law. I believed in giving him the agency the Chinese government and s‚Ä¶,47
447,0.0,Wed Jan 10 19:23:05 +0000 2018,nytimes,0.0,1.0,0.0,Russia‚Äôs interference in the U.S. election fits into a nearly 2-decade pattern of meddling with governments around‚Ä¶ https://t.co/fenW0Cs419,48
448,0.0,Wed Jan 10 19:13:05 +0000 2018,nytimes,0.0,1.0,0.0,"For 14 years, a Brooklyn bodega owner has quietly been housing homeless men in his store's basement. ""They don't ha‚Ä¶ https://t.co/Zb6cD1PSQf",49
449,0.4404,Wed Jan 10 19:10:01 +0000 2018,nytimes,0.0,0.805,0.195,"""Rated PG for contribution to the public good. Also references to earwax."" https://t.co/rsqPxc77Ix",50
450,-0.25,Wed Jan 10 19:03:05 +0000 2018,nytimes,0.1,0.9,0.0,"They were stuck at the foot of the Matterhorn, Switzerland‚Äôs most famously photogenic mountain. ""This was not a dis‚Ä¶ https://t.co/FzWAuGsmoc",51
451,-0.0772,Wed Jan 10 18:53:05 +0000 2018,nytimes,0.067,0.933,0.0,"An exiled Chinese billionaire has exposed a phenomenal web of corruption in China‚Äôs ruling elite ‚Äî if, that is, he‚Äô‚Ä¶ https://t.co/dWhKwt81TN",52
452,-0.802,Wed Jan 10 18:49:08 +0000 2018,nytimes,0.265,0.735,0.0,"Anna Mae Hays, who was named the U.S. military's first female general after she served in 3 wars, died on Monday. S‚Ä¶ https://t.co/bmPSYUlzyU",53
453,0.4144,Wed Jan 10 18:43:05 +0000 2018,nytimes,0.0,0.884,0.116,"Rose McGowan on her new reality TV show: ""I wanted really to be like Gertrude Stein and have a conversation with th‚Ä¶ https://t.co/1649qfzWP4",54
454,-0.5859,Wed Jan 10 18:33:03 +0000 2018,nytimes,0.275,0.725,0.0,Many preschool teachers live on the edge of financial ruin https://t.co/eu2FJfoPkz,55
455,-0.7003,Wed Jan 10 18:13:03 +0000 2018,nytimes,0.309,0.691,0.0,"Short on space in detention centers, Spain sent about 500 Algerian migrants to prison https://t.co/0BJcATVK9n",56
456,0.0,Wed Jan 10 18:09:16 +0000 2018,nytimes,0.0,1.0,0.0,"RT @nytopinion: When Buzzfeed decided to publish the Steele dossier on Trump and Russia, NBC‚Äôs Chuck Todd told me on air: ‚ÄúYou just publish‚Ä¶",57
457,0.0,Wed Jan 10 18:04:12 +0000 2018,nytimes,0.0,1.0,0.0,"Darrell Issa, a California Republican, won't seek re-election to the House. His retirement adds fuel to talk of a D‚Ä¶ https://t.co/2GjmY6a4Af",58
458,0.5574,Wed Jan 10 18:03:06 +0000 2018,nytimes,0.085,0.682,0.233,"Male sea turtles are disappearing from Australia‚Äôs Great Barrier Reef, a new study suggests https://t.co/ICAjMQ9ori",59
459,0.5574,Wed Jan 10 17:53:07 +0000 2018,nytimes,0.0,0.847,0.153,The Supreme Court appeared deeply divided over whether Ohio may kick people off its voting rolls if they skip a few‚Ä¶ https://t.co/naskLOy5yZ,60
460,-0.6369,Wed Jan 10 17:43:04 +0000 2018,nytimes,0.224,0.776,0.0,These Fake News Jeans are real. Our fashion critic says none of this is going away any time soon. https://t.co/XLxPqRGhlY,61
461,0.3182,Wed Jan 10 17:40:21 +0000 2018,nytimes,0.0,0.892,0.108,Curious about the new products being unveiled at CES and how they will affect your personal technology? @bxchen is‚Ä¶ https://t.co/rY9cGr42HG,62
462,-0.8158,Wed Jan 10 17:33:05 +0000 2018,nytimes,0.318,0.682,0.0,"The latest on the Southern California mudslides:
‚Ä¢ At least 15 killed
‚Ä¢ More than 2 dozen injured
‚Ä¢ 2 dozen people‚Ä¶ https://t.co/7xxKanwRSL",63
463,-0.6908,Wed Jan 10 17:13:01 +0000 2018,nytimes,0.251,0.749,0.0,"RT @nytimesworld: Microbeads are now banned in the U.K. What are they, and what's the problem with them? https://t.co/CyFGLQeUWo",64
464,0.0,Wed Jan 10 17:08:58 +0000 2018,nytimes,0.0,1.0,0.0,"This year, @nytimestravel is sending someone to each and every place. Meet @jadabird. https://t.co/GgUzrJSDdY",65
465,0.0,Wed Jan 10 17:03:06 +0000 2018,nytimes,0.0,1.0,0.0,52 Places to Go in 2018 https://t.co/dvdtJsxfPv,66
466,0.0,Wed Jan 10 16:53:02 +0000 2018,nytimes,0.0,1.0,0.0,Another search has begun for Malaysia Airlines Flight 370. A U.S. company could be paid as much as $70 million if i‚Ä¶ https://t.co/zofYIIl5mr,67
467,-0.3612,Wed Jan 10 16:43:05 +0000 2018,nytimes,0.116,0.884,0.0,The IRS paid $20 million to private debt collectors. The program only brought in $6.7 million in back taxes. https://t.co/WhFylqWwp8,68
468,0.3818,Wed Jan 10 16:33:06 +0000 2018,nytimes,0.0,0.809,0.191,"RT @aliciaparlap: Some charts on who benefits from the DACA program:

https://t.co/JWHz6nwuEI",69
469,0.0,Wed Jan 10 16:22:02 +0000 2018,nytimes,0.0,1.0,0.0,"""The West Wing"" met ""The Apprentice"" on Tuesday when President Trump presided over an extraordinary meeting on immi‚Ä¶ https://t.co/GVgUV5Lkht",70
470,0.0,Wed Jan 10 16:14:05 +0000 2018,nytimes,0.0,1.0,0.0,"RT @nytopinion: ""I have not worked for him again, and I will not work for him again"" ‚Äî Greta Gerwig, on Woody Allen https://t.co/hUu0Wod3yt",71
471,0.0,Wed Jan 10 16:05:05 +0000 2018,nytimes,0.0,1.0,0.0,Chris Christie gave his final State of the State address. He spun a rosy tale that was seemingly at odds with his c‚Ä¶ https://t.co/kaD6bTQs1L,72
472,0.0,Wed Jan 10 15:59:30 +0000 2018,nytimes,0.0,1.0,0.0,"RT @nytpolitics: Sarah Huckabee Sanders, the White House press secretary, called a federal judge's order forcing the administration to rest‚Ä¶",73
473,0.0,Wed Jan 10 15:55:07 +0000 2018,nytimes,0.0,1.0,0.0,"A gym chain is banning CNN, Fox News and MSNBC from its TVs. They say it's for your health. https://t.co/TCNZJrqZvx",74
474,-0.3875,Wed Jan 10 15:44:04 +0000 2018,nytimes,0.111,0.889,0.0,"RT @taffyakner: Tonya Harding did not enjoy your recent feminist think piece about her. My, Tonya profile is up now @nytimesarts: https://t‚Ä¶",75
475,0.0,Wed Jan 10 15:33:05 +0000 2018,nytimes,0.0,1.0,0.0,RT @SarahMaslinNir: Beneath the shelves of canned beans and rolls of toilet paper in a Brooklyn bodega I found a secret: a cave of homeless‚Ä¶,76
476,0.7192,Wed Jan 10 15:23:10 +0000 2018,nytimes,0.049,0.715,0.237,"""Trump made clear once again that the details of governance do not really matter to him as much as success, telling‚Ä¶ https://t.co/pKjELRJkpR",77
477,0.5106,Wed Jan 10 15:11:05 +0000 2018,nytimes,0.0,0.864,0.136,RT @NYTNational: The authorities in Southern California are working to rescue residents after heavy rain unleashed debris and mud in the Mo‚Ä¶,78
478,0.0,Wed Jan 10 15:00:36 +0000 2018,nytimes,0.0,1.0,0.0,Morning¬†Briefing: Here's what you need to know to start your day https://t.co/LwNtoE3LBG https://t.co/31erPMG6em,79
479,0.0,Wed Jan 10 14:50:09 +0000 2018,nytimes,0.0,1.0,0.0,"Considered impure because she was menstruating, she was about to sleep outside in a cold hut. She never woke up. https://t.co/AkPIk3h4ja",80
480,0.4404,Wed Jan 10 14:41:00 +0000 2018,nytimes,0.0,0.873,0.127,"RT @nytvideo: Watch: About 800,000 young undocumented immigrants are protected under DACA. In September, we spoke with a few of them. https‚Ä¶",81
481,-0.0772,Wed Jan 10 14:30:10 +0000 2018,nytimes,0.067,0.933,0.0,"From a penthouse on Central Park, Guo Wengui has exposed a phenomenal web of corruption in China's ruling elite ‚Äî i‚Ä¶ https://t.co/9lq3queA5m",82
482,0.1842,Wed Jan 10 14:20:05 +0000 2018,nytimes,0.136,0.649,0.216,"""Insistent or clumsy flirting is not a crime, nor is gallantry a chauvinist aggression."" Catherine Deneuve and doze‚Ä¶ https://t.co/JvOwFYhMga",83
483,0.0,Wed Jan 10 14:11:03 +0000 2018,nytimes,0.0,1.0,0.0,"""The second I pressed the shutter release, I knew which of my pictures could not be published"" https://t.co/eejMfmwO0P  [corrected typo]",84
484,-0.2846,Wed Jan 10 14:00:44 +0000 2018,nytimes,0.097,0.903,0.0,"Tonya Harding: ""I was a liar to everybody but still, 23 years later, finally everybody can just eat crow. That's wh‚Ä¶ https://t.co/GkFykzJBcg",85
485,0.0,Wed Jan 10 13:50:08 +0000 2018,nytimes,0.0,1.0,0.0,"North Carolina's congressional map was ruled unconstitutional by federal judges, who said Republicans who drew it h‚Ä¶ https://t.co/ZbN3Qm8wIL",86
486,0.0772,Wed Jan 10 13:40:04 +0000 2018,nytimes,0.0,0.915,0.085,The number of migrants trying to enter the U.S. has surged in recent months https://t.co/5qh72INaF5,87
487,-0.4767,Wed Jan 10 13:30:21 +0000 2018,nytimes,0.147,0.853,0.0,It started out as a runny nose and a cough ‚Äî typical cold symptoms. Then things took a turn for the worse. https://t.co/5rjciqtlKl,88
488,-0.9246,Wed Jan 10 13:20:09 +0000 2018,nytimes,0.456,0.544,0.0,Iryna Nozdrovska fought a corrupt court to put her sister‚Äôs killer behind bars. She was stabbed to death after winn‚Ä¶ https://t.co/Ag4A4fEmqX,89
489,0.0,Wed Jan 10 13:11:04 +0000 2018,nytimes,0.0,1.0,0.0,"The head of the largest coal mining company in the U.S. wrote a lengthy ""action plan"" last year for President Trump‚Ä¶ https://t.co/zlNipUXWtU",90
490,0.0,Wed Jan 10 13:00:27 +0000 2018,nytimes,0.0,1.0,0.0,Morning¬†Briefing: Here's what you need to know to start your day https://t.co/mvf17lnLZa https://t.co/C1Tx0mhUZQ,91
491,0.0,Wed Jan 10 12:51:07 +0000 2018,nytimes,0.0,1.0,0.0,"President Trump's longtime lawyer sues @BuzzFeed and Fusion GPS, the firm behind the Russia dossier https://t.co/62xstn40kR",92
492,0.0,Wed Jan 10 12:40:08 +0000 2018,nytimes,0.0,1.0,0.0,Russia‚Äôs interference in the U.S. election fits into a nearly two-decade pattern of meddling with governments aroun‚Ä¶ https://t.co/iip4vMrwo3,93
493,-0.5267,Wed Jan 10 12:30:08 +0000 2018,nytimes,0.167,0.833,0.0,The government of Wales has a question for parents: Is it ever right to physically punish your children? https://t.co/7eTwmsGhYv,94
494,0.0,Wed Jan 10 12:21:06 +0000 2018,nytimes,0.0,1.0,0.0,"Dianne Feinstein released the transcript of the Judiciary Committee's interview with Fusion GPS, the firm that crea‚Ä¶ https://t.co/7d3JyWJD1F",95
495,0.0,Wed Jan 10 12:10:12 +0000 2018,nytimes,0.0,1.0,0.0,What does Carter Page know? https://t.co/8QSiDAkBBl,96
496,0.0,Wed Jan 10 12:00:09 +0000 2018,nytimes,0.0,1.0,0.0,"Tonya Harding: ""I've had rats thrown into my mailboxes, [expletive] left on my door, left in my mailbox, all over m‚Ä¶ https://t.co/OCoRyDbjXn",97
497,-0.6369,Wed Jan 10 11:45:13 +0000 2018,nytimes,0.321,0.679,0.0,James Franco denied sexual misconduct accusations in an interview with Stephen Colbert https://t.co/MLKNiZowY2,98
498,0.0,Wed Jan 10 11:30:07 +0000 2018,nytimes,0.0,1.0,0.0,Morning¬†Briefing: Here's what you need to know to start your day https://t.co/icusd9Y61a https://t.co/AcIh8287jC,99
499,-0.6808,Wed Jan 10 11:14:04 +0000 2018,nytimes,0.237,0.763,0.0,"Rumors are that a classified SpaceX mission code-named ""Zuma"" failed to deploy in orbit and is now lost. What happe‚Ä¶ https://t.co/zhxyZvk9wn",100
